Estado,Probables (año pasado),Probables (año actual),Confirmados Dengue No Grave (año pasado),Confirmados Dengue No Grave (año actual),Dengue con Signos de Alarma y Dengue Grave (año pasado),Dengue con Signos de Alarma y Dengue Grave (año actual),Total Confirmados (año pasado),Total Confirmados (año actual),Defunciones (año pasado),Defunciones (año actual),Semana_Epidemiologica,Anio
VERACRUZ,709.0,"2,183",10.0,228.0,5.0,81.0,15.0,309.0,0.0,1.0,15,2019
CHIAPAS,825.0,"1,202",32.0,78.0,281.0,220.0,313.0,298.0,1.0,2.0,15,2019
JALISCO,606.0,"1,664",21.0,123.0,3.0,36.0,24.0,159.0,0.0,0.0,15,2019
QUINTANA ROO,193.0,787,1.0,111.0,1.0,41.0,2.0,152.0,0.0,0.0,15,2019
TABASCO,139.0,"1,229",0.0,69.0,0.0,69.0,0.0,138.0,0.0,0.0,15,2019
MICHOACÁN,230.0,695,10.0,99.0,0.0,9.0,10.0,108.0,0.0,0.0,15,2019
OAXACA,142.0,605,0.0,18.0,0.0,23.0,0.0,41.0,0.0,0.0,15,2019
COLIMA,227.0,428,0.0,18.0,3.0,10.0,3.0,28.0,0.0,0.0,15,2019
SAN LUIS POTOSÍ,53.0,214,0.0,25.0,0.0,2.0,0.0,27.0,0.0,0.0,15,2019
TAMAULIPAS,270.0,354,2.0,20.0,1.0,6.0,3.0,26.0,0.0,0.0,15,2019
SINALOA,221.0,210,1.0,21.0,0.0,2.0,1.0,23.0,0.0,0.0,15,2019
NAYARIT,99.0,198,0.0,12.0,1.0,6.0,1.0,18.0,0.0,0.0,15,2019
MORELOS,243.0,251,0.0,4.0,1.0,11.0,1.0,15.0,0.0,0.0,15,2019
GUERRERO,310.0,475,6.0,3.0,6.0,7.0,12.0,10.0,0.0,0.0,15,2019
YUCATÁN,165.0,213,0.0,4.0,0.0,6.0,0.0,10.0,0.0,0.0,15,2019
PUEBLA,50.0,99,1.0,4.0,0.0,2.0,1.0,6.0,0.0,0.0,15,2019
BAJA CALIFORNIA SUR,105.0,74,0.0,3.0,0.0,1.0,0.0,4.0,0.0,0.0,15,2019
NUEVO LEÓN,238.0,258,1.0,2.0,1.0,1.0,2.0,3.0,0.0,0.0,15,2019
CAMPECHE,55.0,57,0.0,0.0,0.0,2.0,0.0,2.0,0.0,0.0,15,2019
COAHUILA,35.0,23,0.0,0.0,0.0,1.0,0.0,1.0,0.0,0.0,15,2019
HIDALGO,43.0,49,1.0,1.0,0.0,0.0,1.0,1.0,0.0,0.0,15,2019
MÉXICO,67.0,103,7.0,1.0,0.0,0.0,7.0,1.0,0.0,0.0,15,2019
AGUASCALIENTES,6.0,4,0.0,0.0,0.0,0.0,0.0,0.0,0.0,0.0,15,2019
BAJA CALIFORNIA,11.0,4,0.0,0.0,0.0,0.0,0.0,0.0,0.0,0.0,15,2019
CHIHUAHUA,2.0,0,0.0,0.0,0.0,0.0,0.0,0.0,0.0,0.0,15,2019
CIUDAD DE MÉXICO,34.0,50,0.0,0.0,0.0,0.0,0.0,0.0,0.0,0.0,15,2019
DURANGO,17.0,7,0.0,0.0,0.0,0.0,0.0,0.0,0.0,0.0,15,2019
GUANAJUATO,167.0,39,2.0,0.0,0.0,0.0,2.0,0.0,0.0,0.0,15,2019
QUERÉTARO,7.0,2,0.0,0.0,0.0,0.0,0.0,0.0,0.0,0.0,15,2019
SONORA,109.0,72,0.0,0.0,0.0,0.0,0.0,0.0,0.0,0.0,15,2019
TLAXCALA,1.0,3,0.0,0.0,0.0,0.0,0.0,0.0,0.0,0.0,15,2019
ZACATECAS,2.0,5,0.0,0.0,0.0,0.0,0.0,0.0,0.0,0.0,15,2019
VERACRUZ,630.0,"2,043",9.0,218.0,4.0,80.0,13.0,298.0,0.0,1.0,14,2019
CHIAPAS,747.0,"1,083",32.0,73.0,262.0,208.0,294.0,281.0,0.0,2.0,14,2019
JALISCO,554.0,"1,556",20.0,114.0,3.0,34.0,23.0,148.0,0.0,0.0,14,2019
QUINTANA ROO,179.0,741,1.0,104.0,1.0,40.0,2.0,144.0,0.0,0.0,14,2019
TABASCO,133.0,"1,058",0.0,60.0,0.0,56.0,0.0,116.0,0.0,0.0,14,2019
MICHOACÁN,215.0,633,10.0,86.0,0.0,8.0,10.0,94.0,0.0,0.0,14,2019
OAXACA,124.0,566,0.0,14.0,0.0,23.0,0.0,37.0,0.0,0.0,14,2019
COLIMA,212.0,404,0.0,18.0,3.0,10.0,3.0,28.0,0.0,0.0,14,2019
SAN LUIS POTOSÍ,46.0,202,0.0,24.0,0.0,2.0,0.0,26.0,0.0,0.0,14,2019
TAMAULIPAS,245.0,316,2.0,20.0,1.0,6.0,3.0,26.0,0.0,0.0,14,2019
SINALOA,210.0,197,1.0,21.0,0.0,2.0,1.0,23.0,0.0,0.0,14,2019
NAYARIT,94.0,180,0.0,10.0,1.0,6.0,1.0,16.0,0.0,0.0,14,2019
MORELOS,226.0,221,0.0,4.0,1.0,8.0,1.0,12.0,0.0,0.0,14,2019
GUERRERO,276.0,435,6.0,3.0,6.0,7.0,12.0,10.0,0.0,0.0,14,2019
YUCATÁN,150.0,196,0.0,4.0,0.0,3.0,0.0,7.0,0.0,0.0,14,2019
PUEBLA,42.0,91,1.0,4.0,0.0,2.0,1.0,6.0,0.0,0.0,14,2019
BAJA CALIFORNIA SUR,99.0,72,0.0,3.0,0.0,1.0,0.0,4.0,0.0,0.0,14,2019
CAMPECHE,52.0,53,0.0,0.0,0.0,2.0,0.0,2.0,0.0,0.0,14,2019
NUEVO LEÓN,218.0,224,1.0,1.0,1.0,1.0,2.0,2.0,0.0,0.0,14,2019
COAHUILA,30.0,21,0.0,0.0,0.0,1.0,0.0,1.0,0.0,0.0,14,2019
MÉXICO,64.0,77,6.0,1.0,0.0,0.0,6.0,1.0,0.0,0.0,14,2019
AGUASCALIENTES,6.0,3,0.0,0.0,0.0,0.0,0.0,0.0,0.0,0.0,14,2019
BAJA CALIFORNIA,9.0,5,0.0,0.0,0.0,0.0,0.0,0.0,0.0,0.0,14,2019
CHIHUAHUA,2.0,0,0.0,0.0,0.0,0.0,0.0,0.0,0.0,0.0,14,2019
CIUDAD DE MÉXICO,26.0,45,0.0,0.0,0.0,0.0,0.0,0.0,0.0,0.0,14,2019
DURANGO,12.0,6,0.0,0.0,0.0,0.0,0.0,0.0,0.0,0.0,14,2019
GUANAJUATO,115.0,35,2.0,0.0,0.0,0.0,2.0,0.0,0.0,0.0,14,2019
HIDALGO,39.0,43,1.0,0.0,0.0,0.0,1.0,0.0,0.0,0.0,14,2019
QUERÉTARO,7.0,1,0.0,0.0,0.0,0.0,0.0,0.0,0.0,0.0,14,2019
SONORA,98.0,68,0.0,0.0,0.0,0.0,0.0,0.0,0.0,0.0,14,2019
TLAXCALA,1.0,1,0.0,0.0,0.0,0.0,0.0,0.0,0.0,0.0,14,2019
ZACATECAS,2.0,5,0.0,0.0,0.0,0.0,0.0,0.0,0.0,0.0,14,2019
CHIAPAS,"1,319","2,155",58.0,126.0,387.0,327.0,445.0,453.0,2.0,2.0,21,2019
VERACRUZ,"1,164","3,020",32.0,328.0,9.0,114.0,41.0,442.0,0.0,1.0,21,2019
TABASCO,199,"1,835",0.0,133.0,0.0,140.0,0.0,273.0,0.0,0.0,21,2019
QUINTANA ROO,302,"1,142",3.0,165.0,1.0,71.0,4.0,236.0,0.0,0.0,21,2019
JALISCO,"1,047","2,220",55.0,167.0,3.0,50.0,58.0,217.0,0.0,0.0,21,2019
MICHOACÁN,366,904,9.0,134.0,1.0,11.0,10.0,145.0,1.0,0.0,21,2019
OAXACA,305,915,1.0,34.0,0.0,32.0,1.0,66.0,0.0,0.0,21,2019
PUEBLA,108,197,1.0,41.0,0.0,4.0,1.0,45.0,0.0,0.0,21,2019
SAN LUIS POTOSÍ,115,330,5.0,41.0,0.0,4.0,5.0,45.0,0.0,0.0,21,2019
MORELOS,394,460,0.0,9.0,1.0,32.0,1.0,41.0,0.0,0.0,21,2019
GUERRERO,439,846,8.0,3.0,9.0,33.0,17.0,36.0,0.0,0.0,21,2019
COLIMA,351,531,0.0,20.0,3.0,15.0,3.0,35.0,0.0,0.0,21,2019
TAMAULIPAS,446,507,10.0,27.0,1.0,7.0,11.0,34.0,0.0,0.0,21,2019
NAYARIT,168,291,0.0,16.0,1.0,9.0,1.0,25.0,0.0,0.0,21,2019
SINALOA,280,302,1.0,23.0,0.0,2.0,1.0,25.0,0.0,0.0,21,2019
CAMPECHE,101,131,0.0,7.0,0.0,8.0,0.0,15.0,0.0,0.0,21,2019
YUCATÁN,262,388,0.0,7.0,0.0,6.0,0.0,13.0,0.0,0.0,21,2019
MÉXICO,117,160,8.0,8.0,0.0,0.0,8.0,8.0,0.0,0.0,21,2019
BAJA CALIFORNIA SUR,142,100,0.0,3.0,0.0,3.0,0.0,6.0,0.0,0.0,21,2019
NUEVO LEÓN,437,395,1.0,2.0,1.0,1.0,2.0,3.0,0.0,0.0,21,2019
HIDALGO,65,67,2.0,2.0,0.0,0.0,2.0,2.0,0.0,0.0,21,2019
COAHUILA,42,50,0.0,0.0,0.0,1.0,0.0,1.0,0.0,0.0,21,2019
AGUASCALIENTES,9,5,0.0,0.0,0.0,0.0,0.0,0.0,0.0,0.0,21,2019
BAJA CALIFORNIA,21,10,0.0,0.0,0.0,0.0,0.0,0.0,0.0,0.0,21,2019
CHIHUAHUA,2,3,0.0,0.0,0.0,0.0,0.0,0.0,0.0,0.0,21,2019
CIUDAD DE MÉXICO,64,76,0.0,0.0,0.0,0.0,0.0,0.0,0.0,0.0,21,2019
DURANGO,28,14,0.0,0.0,0.0,0.0,0.0,0.0,0.0,0.0,21,2019
GUANAJUATO,345,96,2.0,0.0,0.0,0.0,2.0,0.0,0.0,0.0,21,2019
QUERÉTARO,9,8,0.0,0.0,0.0,0.0,0.0,0.0,0.0,0.0,21,2019
SONORA,151,113,0.0,0.0,0.0,0.0,0.0,0.0,0.0,0.0,21,2019
TLAXCALA,1,9,0.0,0.0,0.0,0.0,0.0,0.0,0.0,0.0,21,2019
ZACATECAS,2,7,0.0,0.0,0.0,0.0,0.0,0.0,0.0,0.0,21,2019
CHIAPAS,"1,201","1,906",51.0,118.0,380.0,319.0,431.0,437.0,2.0,2.0,20,2019
VERACRUZ,"1,077","2,804",30.0,303.0,9.0,102.0,39.0,405.0,0.0,1.0,20,2019
TABASCO,184,"1,739",0.0,128.0,0.0,135.0,0.0,263.0,0.0,0.0,20,2019
QUINTANA ROO,288,"1,058",3.0,159.0,1.0,67.0,4.0,226.0,0.0,0.0,20,2019
JALISCO,942,"2,078",38.0,158.0,3.0,45.0,41.0,203.0,0.0,0.0,20,2019
MICHOACÁN,331,874,9.0,130.0,1.0,10.0,10.0,140.0,1.0,0.0,20,2019
OAXACA,251,815,1.0,32.0,0.0,30.0,1.0,62.0,0.0,0.0,20,2019
SAN LUIS POTOSÍ,105,296,3.0,35.0,0.0,3.0,3.0,38.0,0.0,0.0,20,2019
GUERRERO,418,746,8.0,3.0,8.0,32.0,16.0,35.0,0.0,0.0,20,2019
MORELOS,352,401,0.0,8.0,1.0,27.0,1.0,35.0,0.0,0.0,20,2019
COLIMA,330,513,0.0,20.0,3.0,14.0,3.0,34.0,0.0,0.0,20,2019
TAMAULIPAS,420,473,9.0,23.0,1.0,7.0,10.0,30.0,0.0,0.0,20,2019
NAYARIT,147,266,0.0,16.0,1.0,9.0,1.0,25.0,0.0,0.0,20,2019
SINALOA,270,293,1.0,23.0,0.0,2.0,1.0,25.0,0.0,0.0,20,2019
PUEBLA,90,175,1.0,18.0,0.0,3.0,1.0,21.0,0.0,0.0,20,2019
YUCATÁN,241,351,0.0,6.0,0.0,6.0,0.0,12.0,0.0,0.0,20,2019
MÉXICO,106,152,8.0,8.0,0.0,0.0,8.0,8.0,0.0,0.0,20,2019
BAJA CALIFORNIA SUR,140,92,0.0,3.0,0.0,3.0,0.0,6.0,0.0,0.0,20,2019
CAMPECHE,95,107,0.0,3.0,0.0,3.0,0.0,6.0,0.0,0.0,20,2019
NUEVO LEÓN,383,373,1.0,2.0,1.0,1.0,2.0,3.0,0.0,0.0,20,2019
HIDALGO,63,60,1.0,2.0,0.0,0.0,1.0,2.0,0.0,0.0,20,2019
AGUASCALIENTES,7,5,0.0,0.0,0.0,0.0,0.0,0.0,0.0,0.0,20,2019
COAHUILA,40,50,0.0,0.0,0.0,1.0,0.0,1.0,0.0,0.0,20,2019
BAJA CALIFORNIA,20,8,0.0,0.0,0.0,0.0,0.0,0.0,0.0,0.0,20,2019
CHIHUAHUA,2,2,0.0,0.0,0.0,0.0,0.0,0.0,0.0,0.0,20,2019
CIUDAD DE MÉXICO,64,73,0.0,0.0,0.0,0.0,0.0,0.0,0.0,0.0,20,2019
DURANGO,28,12,0.0,0.0,0.0,0.0,0.0,0.0,0.0,0.0,20,2019
GUANAJUATO,321,85,2.0,0.0,0.0,0.0,2.0,0.0,0.0,0.0,20,2019
QUERÉTARO,9,8,0.0,0.0,0.0,0.0,0.0,0.0,0.0,0.0,20,2019
SONORA,143,108,0.0,0.0,0.0,0.0,0.0,0.0,0.0,0.0,20,2019
TLAXCALA,1,9,0.0,0.0,0.0,0.0,0.0,0.0,0.0,0.0,20,2019
ZACATECAS,2,6,0.0,0.0,0.0,0.0,0.0,0.0,0.0,0.0,20,2019
TABASCO,17.0,41.0,0.0,5.0,0.0,5.0,0.0,10.0,0.0,0.0,02,2019
CHIAPAS,42.0,53.0,1.0,2.0,5.0,7.0,6.0,9.0,0.0,0.0,02,2019
QUINTANA ROO,7.0,83.0,0.0,6.0,0.0,2.0,0.0,8.0,0.0,0.0,02,2019
JALISCO,46.0,134.0,1.0,3.0,0.0,0.0,1.0,3.0,0.0,0.0,02,2019
OAXACA,14.0,46.0,0.0,2.0,0.0,0.0,0.0,2.0,0.0,0.0,02,2019
VERACRUZ,36.0,218.0,2.0,0.0,1.0,2.0,3.0,2.0,0.0,0.0,02,2019
BAJA CALIFORNIA SUR,16.0,14.0,0.0,1.0,0.0,0.0,0.0,1.0,0.0,0.0,02,2019
COLIMA,15.0,26.0,0.0,1.0,0.0,0.0,0.0,1.0,0.0,0.0,02,2019
AGUASCALIENTES,0.0,0.0,0.0,0.0,0.0,0.0,0.0,0.0,0.0,0.0,02,2019
BAJA CALIFORNIA,0.0,0.0,0.0,0.0,0.0,0.0,0.0,0.0,0.0,0.0,02,2019
CAMPECHE,6.0,3.0,0.0,0.0,0.0,0.0,0.0,0.0,0.0,0.0,02,2019
COAHUILA,3.0,0.0,0.0,0.0,0.0,0.0,0.0,0.0,0.0,0.0,02,2019
CHIHUAHUA,0.0,0.0,0.0,0.0,0.0,0.0,0.0,0.0,0.0,0.0,02,2019
CIUDAD DE MÉXICO,0.0,7.0,0.0,0.0,0.0,0.0,0.0,0.0,0.0,0.0,02,2019
DURANGO,0.0,1.0,0.0,0.0,0.0,0.0,0.0,0.0,0.0,0.0,02,2019
GUANAJUATO,18.0,2.0,0.0,0.0,0.0,0.0,0.0,0.0,0.0,0.0,02,2019
GUERRERO,9.0,22.0,0.0,0.0,0.0,0.0,0.0,0.0,0.0,0.0,02,2019
HIDALGO,1.0,0.0,0.0,0.0,0.0,0.0,0.0,0.0,0.0,0.0,02,2019
MÉXICO,6.0,0.0,0.0,0.0,0.0,0.0,0.0,0.0,0.0,0.0,02,2019
MICHOACÁN,20.0,28.0,0.0,0.0,0.0,0.0,0.0,0.0,0.0,0.0,02,2019
MORELOS,13.0,14.0,0.0,0.0,0.0,0.0,0.0,0.0,0.0,0.0,02,2019
NAYARIT,5.0,19.0,0.0,0.0,0.0,0.0,0.0,0.0,0.0,0.0,02,2019
NUEVO LEÓN,10.0,14.0,0.0,0.0,0.0,0.0,0.0,0.0,0.0,0.0,02,2019
PUEBLA,1.0,8.0,0.0,0.0,0.0,0.0,0.0,0.0,0.0,0.0,02,2019
QUERÉTARO,1.0,1.0,0.0,0.0,0.0,0.0,0.0,0.0,0.0,0.0,02,2019
SAN LUIS POTOSÍ,2.0,2.0,0.0,0.0,0.0,0.0,0.0,0.0,0.0,0.0,02,2019
SINALOA,28.0,17.0,0.0,0.0,0.0,0.0,0.0,0.0,0.0,0.0,02,2019
SONORA,11.0,3.0,0.0,0.0,0.0,0.0,0.0,0.0,0.0,0.0,02,2019
TAMAULIPAS,14.0,14.0,0.0,0.0,0.0,0.0,0.0,0.0,0.0,0.0,02,2019
TLAXCALA,0.0,0.0,0.0,0.0,0.0,0.0,0.0,0.0,0.0,0.0,02,2019
YUCATÁN,7.0,9.0,0.0,0.0,0.0,0.0,0.0,0.0,0.0,0.0,02,2019
ZACATECAS,0.0,0.0,0.0,0.0,0.0,0.0,0.0,0.0,0.0,0.0,02,2019
CHIAPAS,70.0,127.0,1.0,5.0,7.0,27.0,8.0,32.0,0.0,0.0,03,2019
QUINTANA ROO,21.0,134.0,1.0,19.0,0.0,9.0,1.0,28.0,0.0,0.0,03,2019
VERACRUZ,61.0,430.0,2.0,15.0,1.0,12.0,3.0,27.0,0.0,0.0,03,2019
TABASCO,32.0,91.0,0.0,11.0,0.0,6.0,0.0,17.0,0.0,0.0,03,2019
JALISCO,93.0,270.0,1.0,13.0,0.0,0.0,1.0,13.0,0.0,0.0,03,2019
NAYARIT,12.0,45.0,0.0,4.0,0.0,0.0,0.0,4.0,0.0,0.0,03,2019
SAN LUIS POTOSÍ,4.0,17.0,0.0,3.0,0.0,1.0,0.0,4.0,0.0,0.0,03,2019
OAXACA,17.0,95.0,0.0,2.0,0.0,1.0,0.0,3.0,0.0,0.0,03,2019
YUCATÁN,18.0,21.0,0.0,1.0,0.0,1.0,0.0,2.0,0.0,0.0,03,2019
MICHOACÁN,32.0,54.0,1.0,1.0,0.0,1.0,1.0,2.0,0.0,0.0,03,2019
PUEBLA,3.0,24.0,1.0,1.0,0.0,1.0,1.0,2.0,0.0,0.0,03,2019
SINALOA,57.0,28.0,1.0,2.0,0.0,0.0,1.0,2.0,0.0,0.0,03,2019
BAJA CALIFORNIA SUR,24.0,22.0,0.0,1.0,0.0,0.0,0.0,1.0,0.0,0.0,03,2019
COLIMA,38.0,58.0,0.0,1.0,0.0,0.0,0.0,1.0,0.0,0.0,03,2019
MORELOS,19.0,34.0,0.0,0.0,1.0,1.0,1.0,1.0,0.0,0.0,03,2019
AGUASCALIENTES,0.0,0.0,0.0,0.0,0.0,0.0,0.0,0.0,0.0,0.0,03,2019
BAJA CALIFORNIA,1.0,1.0,0.0,0.0,0.0,0.0,0.0,0.0,0.0,0.0,03,2019
CAMPECHE,6.0,8.0,0.0,0.0,0.0,0.0,0.0,0.0,0.0,0.0,03,2019
COAHUILA,5.0,1.0,0.0,0.0,0.0,0.0,0.0,0.0,0.0,0.0,03,2019
CHIHUAHUA,1.0,0.0,0.0,0.0,0.0,0.0,0.0,0.0,0.0,0.0,03,2019
CIUDAD DE MÉXICO,0.0,9.0,0.0,0.0,0.0,0.0,0.0,0.0,0.0,0.0,03,2019
DURANGO,1.0,1.0,0.0,0.0,0.0,0.0,0.0,0.0,0.0,0.0,03,2019
GUANAJUATO,24.0,3.0,0.0,0.0,0.0,0.0,0.0,0.0,0.0,0.0,03,2019
GUERRERO,28.0,46.0,0.0,0.0,0.0,0.0,0.0,0.0,0.0,0.0,03,2019
HIDALGO,2.0,4.0,0.0,0.0,0.0,0.0,0.0,0.0,0.0,0.0,03,2019
MÉXICO,11.0,4.0,0.0,0.0,0.0,0.0,0.0,0.0,0.0,0.0,03,2019
NUEVO LEÓN,16.0,32.0,0.0,0.0,0.0,0.0,0.0,0.0,0.0,0.0,03,2019
QUERÉTARO,1.0,1.0,0.0,0.0,0.0,0.0,0.0,0.0,0.0,0.0,03,2019
SONORA,23.0,6.0,0.0,0.0,0.0,0.0,0.0,0.0,0.0,0.0,03,2019
TAMAULIPAS,26.0,33.0,0.0,0.0,0.0,0.0,0.0,0.0,0.0,0.0,03,2019
TLAXCALA,1.0,0.0,0.0,0.0,0.0,0.0,0.0,0.0,0.0,0.0,03,2019
ZACATECAS,2.0,0.0,0.0,0.0,0.0,0.0,0.0,0.0,0.0,0.0,03,2019
VERACRUZ,276.0,"1,216",5.0,122.0,2.0,48.0,7.0,170.0,0.0,1.0,08,2019
CHIAPAS,326.0,502,14.0,43.0,95.0,114.0,109.0,157.0,0.0,1.0,08,2019
JALISCO,320.0,934,13.0,62.0,3.0,22.0,16.0,84.0,0.0,0.0,08,2019
QUINTANA ROO,85.0,392,1.0,59.0,0.0,18.0,1.0,77.0,0.0,0.0,08,2019
TABASCO,69.0,397,0.0,42.0,0.0,26.0,0.0,68.0,0.0,0.0,08,2019
MICHOACÁN,99.0,309,8.0,42.0,0.0,7.0,8.0,49.0,0.0,0.0,08,2019
OAXACA,46.0,291,0.0,8.0,0.0,12.0,0.0,20.0,0.0,0.0,08,2019
SAN LUIS POTOSÍ,15.0,124,0.0,16.0,0.0,2.0,0.0,18.0,0.0,0.0,08,2019
TAMAULIPAS,110.0,142,0.0,11.0,0.0,3.0,0.0,14.0,0.0,0.0,08,2019
COLIMA,125.0,219,1.0,7.0,0.0,4.0,1.0,11.0,0.0,0.0,08,2019
SINALOA,140.0,111,1.0,9.0,0.0,2.0,1.0,11.0,0.0,0.0,08,2019
NAYARIT,40.0,116,0.0,6.0,1.0,3.0,1.0,9.0,0.0,0.0,08,2019
MORELOS,118.0,109,0.0,1.0,1.0,6.0,1.0,7.0,0.0,0.0,08,2019
YUCATÁN,77.0,76,0.0,3.0,0.0,2.0,0.0,5.0,0.0,0.0,08,2019
GUERRERO,128.0,193,2.0,2.0,3.0,1.0,5.0,3.0,0.0,0.0,08,2019
PUEBLA,10.0,45,1.0,1.0,0.0,2.0,1.0,3.0,0.0,0.0,08,2019
CAMPECHE,24.0,25,0.0,0.0,0.0,2.0,0.0,2.0,0.0,0.0,08,2019
NUEVO LEÓN,84.0,121,1.0,1.0,1.0,1.0,2.0,2.0,0.0,0.0,08,2019
BAJA CALIFORNIA SUR,67.0,47,0.0,1.0,0.0,0.0,0.0,1.0,0.0,0.0,08,2019
AGUASCALIENTES,3.0,0,0.0,0.0,0.0,0.0,0.0,0.0,0.0,0.0,08,2019
BAJA CALIFORNIA,4.0,2,0.0,0.0,0.0,0.0,0.0,0.0,0.0,0.0,08,2019
COAHUILA,17.0,5,0.0,0.0,0.0,0.0,0.0,0.0,0.0,0.0,08,2019
CHIHUAHUA,2.0,0,0.0,0.0,0.0,0.0,0.0,0.0,0.0,0.0,08,2019
CIUDAD DE MÉXICO,10.0,18,0.0,0.0,0.0,0.0,0.0,0.0,0.0,0.0,08,2019
DURANGO,6.0,2,0.0,0.0,0.0,0.0,0.0,0.0,0.0,0.0,08,2019
GUANAJUATO,44.0,11,0.0,0.0,0.0,0.0,0.0,0.0,0.0,0.0,08,2019
HIDALGO,14.0,18,1.0,0.0,0.0,0.0,1.0,0.0,0.0,0.0,08,2019
MÉXICO,25.0,36,2.0,0.0,0.0,0.0,2.0,0.0,0.0,0.0,08,2019
QUERÉTARO,5.0,1,0.0,0.0,0.0,0.0,0.0,0.0,0.0,0.0,08,2019
SONORA,67.0,40,0.0,0.0,0.0,0.0,0.0,0.0,0.0,0.0,08,2019
TLAXCALA,1.0,0,0.0,0.0,0.0,0.0,0.0,0.0,0.0,0.0,08,2019
ZACATECAS,2.0,1,0.0,0.0,0.0,0.0,0.0,0.0,0.0,0.0,08,2019
VERACRUZ,352.0,"1,371",6.0,140.0,2.0,55.0,8.0,195.0,0.0,1.0,09,2019
CHIAPAS,393.0,587,17.0,46.0,127.0,120.0,144.0,166.0,0.0,2.0,09,2019
JALISCO,355.0,"1,062",13.0,72.0,3.0,26.0,16.0,98.0,0.0,0.0,09,2019
QUINTANA ROO,106.0,459,1.0,69.0,0.0,20.0,1.0,89.0,0.0,0.0,09,2019
TABASCO,76.0,460,0.0,49.0,0.0,31.0,0.0,80.0,0.0,0.0,09,2019
MICHOACÁN,123.0,362,9.0,44.0,0.0,7.0,9.0,51.0,0.0,0.0,09,2019
SAN LUIS POTOSÍ,19.0,133,0.0,19.0,0.0,2.0,0.0,21.0,0.0,0.0,09,2019
OAXACA,52.0,333,0.0,8.0,0.0,12.0,0.0,20.0,0.0,0.0,09,2019
TAMAULIPAS,127.0,171,0.0,11.0,0.0,3.0,0.0,14.0,0.0,0.0,09,2019
COLIMA,146.0,260,0.0,8.0,3.0,5.0,3.0,13.0,0.0,0.0,09,2019
SINALOA,147.0,128,1.0,11.0,0.0,2.0,1.0,13.0,0.0,0.0,09,2019
NAYARIT,49.0,125,0.0,7.0,1.0,5.0,1.0,12.0,0.0,0.0,09,2019
MORELOS,140.0,125,0.0,1.0,1.0,6.0,1.0,7.0,0.0,0.0,09,2019
YUCATÁN,93.0,92,0.0,3.0,0.0,2.0,0.0,5.0,0.0,0.0,09,2019
GUERRERO,161.0,243,4.0,2.0,5.0,1.0,9.0,3.0,0.0,0.0,09,2019
PUEBLA,18.0,51,1.0,1.0,0.0,2.0,1.0,3.0,0.0,0.0,09,2019
CAMPECHE,26.0,32,0.0,0.0,0.0,2.0,0.0,2.0,0.0,0.0,09,2019
NUEVO LEÓN,106.0,133,1.0,1.0,1.0,1.0,2.0,2.0,0.0,0.0,09,2019
BAJA CALIFORNIA SUR,74.0,52,0.0,1.0,0.0,0.0,0.0,1.0,0.0,0.0,09,2019
AGUASCALIENTES,3.0,0,0.0,0.0,0.0,0.0,0.0,0.0,0.0,0.0,09,2019
BAJA CALIFORNIA,4.0,2,0.0,0.0,0.0,0.0,0.0,0.0,0.0,0.0,09,2019
COAHUILA,21.0,12,0.0,0.0,0.0,0.0,0.0,0.0,0.0,0.0,09,2019
CHIHUAHUA,2.0,0,0.0,0.0,0.0,0.0,0.0,0.0,0.0,0.0,09,2019
CIUDAD DE MÉXICO,11.0,20,0.0,0.0,0.0,0.0,0.0,0.0,0.0,0.0,09,2019
DURANGO,7.0,2,0.0,0.0,0.0,0.0,0.0,0.0,0.0,0.0,09,2019
GUANAJUATO,51.0,14,0.0,0.0,0.0,0.0,0.0,0.0,0.0,0.0,09,2019
HIDALGO,20.0,21,1.0,0.0,0.0,0.0,1.0,0.0,0.0,0.0,09,2019
MÉXICO,27.0,42,2.0,0.0,0.0,0.0,2.0,0.0,0.0,0.0,09,2019
QUERÉTARO,5.0,1,0.0,0.0,0.0,0.0,0.0,0.0,0.0,0.0,09,2019
SONORA,71.0,44,0.0,0.0,0.0,0.0,0.0,0.0,0.0,0.0,09,2019
TLAXCALA,1.0,0,0.0,0.0,0.0,0.0,0.0,0.0,0.0,0.0,09,2019
ZACATECAS,2.0,1,0.0,0.0,0.0,0.0,0.0,0.0,0.0,0.0,09,2019
VERACRUZ,"9,075","36,019","1,237","6,237",207,854,"1,444","7,091",2.0,15.0,41,2019
JALISCO,"8,318","46,698","1,014","4,665",120,"1,769","1,134","6,434",1.0,20.0,41,2019
CHIAPAS,"8,054","14,006",630,568,"2,068","1,441","2,698","2,009",32.0,16.0,41,2019
OAXACA,"3,276","11,428",102,908,59,402,161,"1,310",3.0,4.0,41,2019
PUEBLA,548,"5,059",74,967,0,126,74,"1,093",0.0,3.0,41,2019
QUINTANA ROO,990,"5,590",48,644,8,417,56,"1,061",0.0,6.0,41,2019
MORELOS,"1,132","8,117",16,285,43,753,59,"1,038",0.0,10.0,41,2019
SAN LUIS POTOSÍ,"1,404","4,643",387,898,19,34,406,932,0.0,0.0,41,2019
MICHOACÁN,"1,453","3,549",176,689,5,52,181,741,1.0,1.0,41,2019
GUERRERO,"1,374","6,656",34,230,33,429,67,659,1.0,7.0,41,2019
HIDALGO,354,"1,464",96,587,4,28,100,615,0.0,1.0,41,2019
TABASCO,573,"4,108",22,204,8,353,30,557,0.0,5.0,41,2019
NAYARIT,610,"2,204",21,148,7,132,28,280,1.0,1.0,41,2019
NUEVO LEÓN,"3,545","2,246",222,126,162,89,384,215,0.0,0.0,41,2019
YUCATÁN,863,"2,357",2,131,0,82,2,213,0.0,0.0,41,2019
TAMAULIPAS,"1,371","2,208",121,165,12,30,133,195,1.0,0.0,41,2019
COLIMA,"1,036","1,667",19,72,10,62,29,134,0.0,0.0,41,2019
SONORA,465,883,4,87,1,21,5,108,0.0,0.0,41,2019
GUANAJUATO,812,"1,167",25,84,0,8,25,92,0.0,0.0,41,2019
CAMPECHE,301,868,0,24,0,31,0,55,0.0,0.0,41,2019
MÉXICO,622,597,103,45,1,4,104,49,0.0,0.0,41,2019
SINALOA,"1,133",684,49,36,2,5,51,41,0.0,0.0,41,2019
BAJA CALIFORNIA SUR,944,314,91,25,14,8,105,33,0.0,0.0,41,2019
CHIHUAHUA,13,108,0,19,0,4,0,23,0.0,0.0,41,2019
COAHUILA,303,230,29,11,3,5,32,16,0.0,0.0,41,2019
DURANGO,64,65,7,12,0,1,7,13,0.0,0.0,41,2019
QUERÉTARO,32,107,2,9,0,0,2,9,0.0,0.0,41,2019
ZACATECAS,18,60,2,3,0,1,2,4,0.0,0.0,41,2019
AGUASCALIENTES,16,33,0,3,0,0,0,3,0.0,0.0,41,2019
BAJA CALIFORNIA,66,71,1,0,0,0,1,0,0.0,0.0,41,2019
CIUDAD DE MÉXICO,153,424,0,0,0,0,0,0,0.0,0.0,41,2019
TLAXCALA,8,32,0,0,0,0,0,0,0.0,0.0,41,2019
VERACRUZ,"7,903","32,955","1,119","5,862",191,803,"1,310","6,665",1.0,15.0,40,2019
JALISCO,"7,402","39,226",917,"4,233",106,"1,471","1,023","5,704",1.0,13.0,40,2019
CHIAPAS,"7,473","13,337",594,567,"1,965","1,414","2,559","1,981",28.0,12.0,40,2019
OAXACA,"2,934","10,288",72,859,42,385,114,"1,244",2.0,2.0,40,2019
QUINTANA ROO,954,"5,062",45,594,6,369,51,963,0.0,6.0,40,2019
MORELOS,"1,079","7,760",15,265,38,695,53,960,0.0,10.0,40,2019
PUEBLA,492,"4,574",65,840,0,109,65,949,0.0,0.0,40,2019
SAN LUIS POTOSÍ,"1,224","4,030",367,810,18,31,385,841,0.0,0.0,40,2019
MICHOACÁN,"1,355","3,276",152,624,4,44,156,668,1.0,1.0,40,2019
GUERRERO,"1,307","6,304",33,230,33,426,66,656,1.0,6.0,40,2019
HIDALGO,339,"1,269",88,518,4,26,92,544,0.0,1.0,40,2019
TABASCO,510,"3,841",19,203,8,332,27,535,0.0,5.0,40,2019
NAYARIT,560,"1,778",17,144,5,116,22,260,1.0,1.0,40,2019
YUCATÁN,834,"2,135",0,121,0,69,0,190,0.0,0.0,40,2019
NUEVO LEÓN,"2,967","1,932",185,110,139,71,324,181,0.0,0.0,40,2019
TAMAULIPAS,"1,231","1,890",103,156,11,25,114,181,1.0,0.0,40,2019
COLIMA,978,"1,464",17,69,9,57,26,126,0.0,0.0,40,2019
GUANAJUATO,774,"1,019",21,81,0,8,21,89,0.0,0.0,40,2019
SONORA,439,619,4,56,1,17,5,73,0.0,0.0,40,2019
MÉXICO,603,565,99,45,1,4,100,49,0.0,0.0,40,2019
CAMPECHE,293,741,0,21,0,27,0,48,0.0,0.0,40,2019
SINALOA,950,628,43,34,2,5,45,39,0.0,0.0,40,2019
BAJA CALIFORNIA SUR,840,280,77,18,11,7,88,25,0.0,0.0,40,2019
COAHUILA,244,193,19,6,1,2,20,8,0.0,0.0,40,2019
CHIHUAHUA,13,56,0,4,0,1,0,5,0.0,0.0,40,2019
QUERÉTARO,30,90,2,4,0,0,2,4,0.0,0.0,40,2019
AGUASCALIENTES,16,30,0,3,0,0,0,3,0.0,0.0,40,2019
ZACATECAS,17,46,2,1,0,0,2,1,0.0,0.0,40,2019
BAJA CALIFORNIA,65,67,1,0,0,0,1,0,0.0,0.0,40,2019
CIUDAD DE MÉXICO,153,393,0,0,0,0,0,0,0.0,0.0,40,2019
DURANGO,63,39,7,0,0,0,7,0,0.0,0.0,40,2019
TLAXCALA,6,29,0,0,0,0,0,0,0.0,0.0,40,2019
VERACRUZ,"4,619","20,383",514.0,"3,615",90,511,604,"4,126",0.0,2.0,36,2019
JALISCO,"4,580","16,742",462.0,"1,887",53,564,515,"2,451",0.0,2.0,36,2019
CHIAPAS,"5,536","10,278",413.0,535,"1,456","1,289","1,869","1,824",20.0,12.0,36,2019
OAXACA,"1,605","6,119",19.0,597,15,250,34,847,1.0,2.0,36,2019
QUINTANA ROO,813,"3,346",30.0,421,4,246,34,667,0.0,6.0,36,2019
SAN LUIS POTOSÍ,722,"2,320",178.0,640,11,23,189,663,0.0,0.0,36,2019
PUEBLA,362,"2,417",42.0,477,0,59,42,536,0.0,0.0,36,2019
MORELOS,882,"5,330",6.0,138,16,381,22,519,0.0,6.0,36,2019
MICHOACÁN,"1,043","2,401",100.0,445,3,30,103,475,1.0,1.0,36,2019
GUERRERO,"1,064","4,677",22.0,182,24,291,46,473,0.0,5.0,36,2019
TABASCO,397,"3,038",4.0,179,3,235,7,414,0.0,5.0,36,2019
HIDALGO,244,650,41.0,245,1,14,42,259,0.0,1.0,36,2019
TAMAULIPAS,962,"1,318",58.0,132,9,18,67,150,1.0,0.0,36,2019
NAYARIT,433,845,5.0,73,5,50,10,123,1.0,1.0,36,2019
NUEVO LEÓN,"1,764","1,325",96.0,63,79,44,175,107,0.0,0.0,36,2019
YUCATÁN,734,"1,395",0.0,60,0,27,0,87,0.0,0.0,36,2019
COLIMA,785,"1,027",5.0,47,5,23,10,70,0.0,0.0,36,2019
GUANAJUATO,676,682,15.0,44,0,4,15,48,0.0,0.0,36,2019
CAMPECHE,255,489,0.0,15,0,17,0,32,0.0,0.0,36,2019
SINALOA,608,487,19.0,29,1,3,20,32,0.0,0.0,36,2019
MÉXICO,477,463,76.0,18,1,3,77,21,0.0,0.0,36,2019
SONORA,320,383,0.0,18,0,3,0,21,0.0,0.0,36,2019
BAJA CALIFORNIA SUR,394,187,18.0,9,4,3,22,12,0.0,0.0,36,2019
COAHUILA,103,149,0.0,2,0,2,0,4,0.0,0.0,36,2019
CHIHUAHUA,10,16,0.0,1,0,0,0,1,0.0,0.0,36,2019
QUERÉTARO,18,47,0.0,1,0,0,0,1,0.0,0.0,36,2019
AGUASCALIENTES,15,15,0.0,0,0,0,0,0,0.0,0.0,36,2019
BAJA CALIFORNIA,58,47,0.0,0,0,0,0,0,0.0,0.0,36,2019
CIUDAD DE MÉXICO,123,292,0.0,0,0,0,0,0,0.0,0.0,36,2019
DURANGO,52,28,2.0,0,0,0,2,0,0.0,0.0,36,2019
TLAXCALA,2,19,0.0,0,0,0,0,0,0.0,0.0,36,2019
ZACATECAS,9,32,0.0,0,0,0,0,0,0.0,0.0,36,2019
VERACRUZ,"5,253","23,631",681.0,"4,251",126,594,807,"4,845",0.0,2.0,37,2019
JALISCO,"5,249","21,038",561.0,"2,619",65,786,626,"3,405",0.0,2.0,37,2019
CHIAPAS,"5,962","11,165",458.0,552,"1,604","1,321","2,062","1,873",22.0,12.0,37,2019
OAXACA,"1,894","7,180",23.0,655,16,280,39,935,2.0,2.0,37,2019
PUEBLA,396,"2,915",47.0,620,0,77,47,697,0.0,0.0,37,2019
QUINTANA ROO,861,"3,736",33.0,433,5,254,38,687,0.0,6.0,37,2019
SAN LUIS POTOSÍ,801,"2,780",216.0,641,13,25,229,666,0.0,0.0,37,2019
MORELOS,926,"6,068",6.0,173,16,476,22,649,0.0,6.0,37,2019
MICHOACÁN,"1,103","2,639",109.0,496,4,37,113,533,1.0,1.0,37,2019
GUERRERO,"1,127","5,168",25.0,186,25,343,50,529,1.0,5.0,37,2019
TABASCO,409,"3,241",6.0,182,6,250,12,432,0.0,5.0,37,2019
HIDALGO,278,763,58.0,296,2,15,60,311,0.0,1.0,37,2019
TAMAULIPAS,999,"1,426",62.0,143,9,19,71,162,1.0,0.0,37,2019
NAYARIT,457,"1,020",8.0,99,5,60,13,159,1.0,1.0,37,2019
NUEVO LEÓN,"2,035","1,425",112.0,75,100,49,212,124,0.0,0.0,37,2019
YUCATÁN,757,"1,544",0.0,80,0,32,0,112,0.0,0.0,37,2019
COLIMA,820,"1,105",5.0,52,5,35,10,87,0.0,0.0,37,2019
GUANAJUATO,697,769,17.0,51,0,5,17,56,0.0,0.0,37,2019
CAMPECHE,269,561,0.0,16,0,18,0,34,0.0,0.0,37,2019
SINALOA,674,520,26.0,30,1,3,27,33,0.0,0.0,37,2019
SONORA,340,436,0.0,25,0,6,0,31,0.0,0.0,37,2019
MÉXICO,510,485,76.0,20,1,3,77,23,0.0,0.0,37,2019
BAJA CALIFORNIA SUR,495,203,32.0,9,6,3,38,12,0.0,0.0,37,2019
COAHUILA,125,156,3.0,2,1,2,4,4,0.0,0.0,37,2019
QUERÉTARO,24,58,0.0,2,0,0,0,2,0.0,0.0,37,2019
AGUASCALIENTES,15,21,0.0,1,0,0,0,1,0.0,0.0,37,2019
CHIHUAHUA,10,16,0.0,1,0,0,0,1,0.0,0.0,37,2019
BAJA CALIFORNIA,60,49,1.0,0,0,0,1,0,0.0,0.0,37,2019
CIUDAD DE MÉXICO,129,309,0.0,0,0,0,0,0,0.0,0.0,37,2019
DURANGO,57,29,2.0,0,0,0,2,0,0.0,0.0,37,2019
TLAXCALA,2,19,0.0,0,0,0,0,0,0.0,0.0,37,2019
ZACATECAS,10,35,1.0,0,0,0,1,0,0.0,0.0,37,2019
VERACRUZ,127.0,760.0,4.0,59.0,1.0,27.0,5.0,86.0,0.0,0.0,05,2019
CHIAPAS,154.0,281.0,8.0,16.0,38.0,69.0,46.0,85.0,0.0,0.0,05,2019
JALISCO,195.0,597.0,6.0,40.0,1.0,8.0,7.0,48.0,0.0,0.0,05,2019
QUINTANA ROO,51.0,228.0,1.0,31.0,0.0,13.0,1.0,44.0,0.0,0.0,05,2019
TABASCO,46.0,184.0,0.0,27.0,0.0,11.0,0.0,38.0,0.0,0.0,05,2019
MICHOACÁN,57.0,154.0,2.0,17.0,0.0,5.0,2.0,22.0,0.0,0.0,05,2019
OAXACA,28.0,194.0,0.0,2.0,0.0,8.0,0.0,10.0,0.0,0.0,05,2019
SAN LUIS POTOSÍ,6.0,58.0,0.0,9.0,0.0,1.0,0.0,10.0,0.0,0.0,05,2019
SINALOA,88.0,64.0,1.0,8.0,0.0,0.0,1.0,8.0,0.0,0.0,05,2019
NAYARIT,23.0,76.0,0.0,5.0,1.0,2.0,1.0,7.0,0.0,0.0,05,2019
TAMAULIPAS,57.0,75.0,0.0,4.0,0.0,2.0,0.0,6.0,0.0,0.0,05,2019
MORELOS,49.0,64.0,0.0,0.0,1.0,3.0,1.0,3.0,0.0,0.0,05,2019
COLIMA,78.0,127.0,1.0,2.0,0.0,0.0,1.0,2.0,0.0,0.0,05,2019
GUERRERO,67.0,93.0,0.0,1.0,0.0,1.0,0.0,2.0,0.0,0.0,05,2019
NUEVO LEÓN,44.0,76.0,0.0,1.0,1.0,1.0,1.0,2.0,0.0,0.0,05,2019
PUEBLA,5.0,25.0,1.0,1.0,0.0,1.0,1.0,2.0,0.0,0.0,05,2019
YUCATÁN,42.0,36.0,0.0,1.0,0.0,1.0,0.0,2.0,0.0,0.0,05,2019
BAJA CALIFORNIA SUR,45.0,29.0,0.0,1.0,0.0,0.0,0.0,1.0,0.0,0.0,05,2019
AGUASCALIENTES,2.0,0.0,0.0,0.0,0.0,0.0,0.0,0.0,0.0,0.0,05,2019
BAJA CALIFORNIA,1.0,1.0,0.0,0.0,0.0,0.0,0.0,0.0,0.0,0.0,05,2019
CAMPECHE,9.0,10.0,0.0,0.0,0.0,0.0,0.0,0.0,0.0,0.0,05,2019
COAHUILA,10.0,2.0,0.0,0.0,0.0,0.0,0.0,0.0,0.0,0.0,05,2019
CHIHUAHUA,2.0,0.0,0.0,0.0,0.0,0.0,0.0,0.0,0.0,0.0,05,2019
CIUDAD DE MÉXICO,3.0,17.0,0.0,0.0,0.0,0.0,0.0,0.0,0.0,0.0,05,2019
DURANGO,3.0,2.0,0.0,0.0,0.0,0.0,0.0,0.0,0.0,0.0,05,2019
GUANAJUATO,35.0,4.0,0.0,0.0,0.0,0.0,0.0,0.0,0.0,0.0,05,2019
HIDALGO,6.0,8.0,1.0,0.0,0.0,0.0,1.0,0.0,0.0,0.0,05,2019
MÉXICO,17.0,17.0,2.0,0.0,0.0,0.0,2.0,0.0,0.0,0.0,05,2019
QUERÉTARO,2.0,1.0,0.0,0.0,0.0,0.0,0.0,0.0,0.0,0.0,05,2019
SONORA,40.0,18.0,0.0,0.0,0.0,0.0,0.0,0.0,0.0,0.0,05,2019
TLAXCALA,1.0,0.0,0.0,0.0,0.0,0.0,0.0,0.0,0.0,0.0,05,2019
ZACATECAS,2.0,0.0,0.0,0.0,0.0,0.0,0.0,0.0,0.0,0.0,05,2019
VERACRUZ,96.0,637.0,3.0,45.0,1.0,24.0,4.0,69.0,0.0,0.0,04,2019
CHIAPAS,105.0,192.0,7.0,12.0,23.0,51.0,30.0,63.0,0.0,0.0,04,2019
QUINTANA ROO,33.0,179.0,1.0,23.0,0.0,13.0,1.0,36.0,0.0,0.0,04,2019
TABASCO,43.0,140.0,0.0,18.0,0.0,9.0,0.0,27.0,0.0,0.0,04,2019
JALISCO,155.0,456.0,2.0,19.0,0.0,5.0,2.0,24.0,0.0,0.0,04,2019
MICHOACÁN,42.0,94.0,1.0,10.0,0.0,2.0,1.0,12.0,0.0,0.0,04,2019
SAN LUIS POTOSÍ,5.0,38.0,0.0,7.0,0.0,1.0,0.0,8.0,0.0,0.0,04,2019
OAXACA,25.0,143.0,0.0,2.0,0.0,5.0,0.0,7.0,0.0,0.0,04,2019
TAMAULIPAS,38.0,59.0,0.0,4.0,0.0,2.0,0.0,6.0,0.0,0.0,04,2019
SINALOA,75.0,43.0,1.0,5.0,0.0,0.0,1.0,5.0,0.0,0.0,04,2019
NAYARIT,17.0,67.0,0.0,4.0,0.0,0.0,0.0,4.0,0.0,0.0,04,2019
GUERRERO,46.0,68.0,0.0,1.0,0.0,1.0,0.0,2.0,0.0,0.0,04,2019
MORELOS,37.0,47.0,0.0,0.0,1.0,2.0,1.0,2.0,0.0,0.0,04,2019
PUEBLA,5.0,24.0,1.0,1.0,0.0,1.0,1.0,2.0,0.0,0.0,04,2019
YUCATÁN,33.0,27.0,0.0,1.0,0.0,1.0,0.0,2.0,0.0,0.0,04,2019
BAJA CALIFORNIA SUR,35.0,28.0,0.0,1.0,0.0,0.0,0.0,1.0,0.0,0.0,04,2019
COLIMA,67.0,88.0,0.0,1.0,0.0,0.0,0.0,1.0,0.0,0.0,04,2019
AGUASCALIENTES,0.0,0.0,0.0,0.0,0.0,0.0,0.0,0.0,0.0,0.0,04,2019
BAJA CALIFORNIA,1.0,1.0,0.0,0.0,0.0,0.0,0.0,0.0,0.0,0.0,04,2019
CAMPECHE,7.0,8.0,0.0,0.0,0.0,0.0,0.0,0.0,0.0,0.0,04,2019
COAHUILA,8.0,2.0,0.0,0.0,0.0,0.0,0.0,0.0,0.0,0.0,04,2019
CHIHUAHUA,2.0,0.0,0.0,0.0,0.0,0.0,0.0,0.0,0.0,0.0,04,2019
CIUDAD DE MÉXICO,2.0,11.0,0.0,0.0,0.0,0.0,0.0,0.0,0.0,0.0,04,2019
DURANGO,2.0,1.0,0.0,0.0,0.0,0.0,0.0,0.0,0.0,0.0,04,2019
GUANAJUATO,31.0,4.0,0.0,0.0,0.0,0.0,0.0,0.0,0.0,0.0,04,2019
HIDALGO,3.0,5.0,0.0,0.0,0.0,0.0,0.0,0.0,0.0,0.0,04,2019
MÉXICO,14.0,10.0,2.0,0.0,0.0,0.0,2.0,0.0,0.0,0.0,04,2019
NUEVO LEÓN,25.0,60.0,0.0,0.0,1.0,0.0,1.0,0.0,0.0,0.0,04,2019
QUERÉTARO,1.0,1.0,0.0,0.0,0.0,0.0,0.0,0.0,0.0,0.0,04,2019
SONORA,32.0,13.0,0.0,0.0,0.0,0.0,0.0,0.0,0.0,0.0,04,2019
TLAXCALA,1.0,0.0,0.0,0.0,0.0,0.0,0.0,0.0,0.0,0.0,04,2019
ZACATECAS,2.0,0.0,0.0,0.0,0.0,0.0,0.0,0.0,0.0,0.0,04,2019
JALISCO,"12,983","74,319","1,710","6,476",317,"3,124","2,027","9,600",6.0,24.0,46,2019
VERACRUZ,"13,584","46,313","1,891","7,600",360,"1,315","2,251","8,915",7.0,23.0,46,2019
CHIAPAS,"9,928","16,596",719,581,"2,408","1,572","3,127","2,153",39.0,20.0,46,2019
OAXACA,"4,548","15,355",148,"1,012",106,551,254,"1,563",6.0,4.0,46,2019
PUEBLA,705,"6,680",112,"1,318",1,227,113,"1,545",0.0,3.0,46,2019
SAN LUIS POTOSÍ *,"2,041","8,411",584,"1,365",29,72,613,"1,437",0.0,0.0,46,2019
QUINTANA ROO,"1,343","8,478",106,748,29,682,135,"1,430",0.0,8.0,46,2019
MORELOS,"1,417","9,919",17,385,55,959,72,"1,344",0.0,10.0,46,2019
MICHOACÁN,"1,861","4,747",260,963,6,84,266,"1,047",1.0,1.0,46,2019
HIDALGO,421,"2,217",128,799,4,42,132,841,0.0,1.0,46,2019
GUERRERO,"1,775","8,838",54,265,41,487,95,752,2.0,7.0,46,2019
TABASCO,945,"6,198",36,230,16,517,52,747,0.0,6.0,46,2019
NAYARIT,"1,020","4,942",52,218,18,300,70,518,1.0,1.0,46,2019
NUEVO LEÓN,"5,871","3,759",377,256,269,226,646,482,0.0,0.0,46,2019
YUCATÁN,"1,032","3,868",7,196,4,244,11,440,0.0,0.0,46,2019
TAMAULIPAS,"1,720","4,400",154,245,17,79,171,324,1.0,0.0,46,2019
SONORA,866,"2,027",18,266,1,56,19,322,0.0,0.0,46,2019
COLIMA,"1,326","2,497",33,111,17,118,50,229,0.0,0.0,46,2019
GUANAJUATO,896,"2,246",37,169,1,16,38,185,0.0,0.0,46,2019
SINALOA,"1,938","1,223",78,131,5,22,83,153,0.0,0.0,46,2019
COAHUILA,807,355,52,69,9,14,61,83,1.0,0.0,46,2019
CAMPECHE,342,"1,332",0,37,0,45,0,82,0.0,0.0,46,2019
BAJA CALIFORNIA SUR,"1,507",467,127,56,29,19,156,75,0.0,0.0,46,2019
DURANGO,68,149,7,52,0,1,7,53,0.0,0.0,46,2019
ZACATECAS,24,173,3,48,0,2,3,50,0.0,0.0,46,2019
MÉXICO,702,712,109,43,1,4,110,47,0.0,0.0,46,2019
CHIHUAHUA,14,189,0,33,0,6,0,39,0.0,0.0,46,2019
QUERÉTARO *,35,173,2,26,0,1,2,27,0.0,0.0,46,2019
AGUASCALIENTES,17,61,0,12,0,1,0,13,0.0,0.0,46,2019
BAJA CALIFORNIA,81,113,4,3,0,0,4,3,0.0,0.0,46,2019
CIUDAD DE MÉXICO,192,547,0,0,0,0,0,0,0.0,0.0,46,2019
TLAXCALA,10,45,0,0,0,0,0,0,0.0,0.0,46,2019
JALISCO,"13,559","76,425","1,875","6,724",359,"3,330","2,234","10,054",6.0,25.0,47,2019
VERACRUZ,"14,082","47,228","1,972","7,700",390,"1,366","2,362","9,066",9.0,23.0,47,2019
CHIAPAS,"10,085","16,868",730,591,"2,466","1,588","3,196","2,179",39.0,22.0,47,2019
OAXACA,"4,670","15,717",155,"1,020",110,559,265,"1,579",6.0,5.0,47,2019
PUEBLA,736,"6,778",121,"1,340",1,239,122,"1,579",0.0,5.0,47,2019
QUINTANA ROO,"1,372","8,842",122,760,34,725,156,"1,485",0.0,11.0,47,2019
SAN LUIS POTOSÍ,"2,120","8,748",594,"1,380",29,72,623,"1,452",0.0,0.0,47,2019
MORELOS,"1,453","10,101",17,390,58,"1,002",75,"1,392",0.0,19.0,47,2019
MICHOACÁN,"1,912","4,905",271,997,6,86,277,"1,083",1.0,1.0,47,2019
HIDALGO,423,"2,294",131,821,4,44,135,865,0.0,1.0,47,2019
TABASCO,974,"6,445",39,235,23,544,62,779,0.0,9.0,47,2019
GUERRERO,"1,824","9,184",57,271,43,488,100,759,2.0,12.0,47,2019
NAYARIT,"1,106","5,340",59,225,20,331,79,556,1.0,1.0,47,2019
NUEVO LEÓN,"5,986","3,836",426,276,331,235,757,511,0.0,0.0,47,2019
YUCATÁN,"1,048","4,036",8,201,4,256,12,457,0.0,0.0,47,2019
SONORA,891,"2,203",20,296,1,63,21,359,0.0,0.0,47,2019
TAMAULIPAS,"1,754","4,715",166,255,19,90,185,345,1.0,0.0,47,2019
COLIMA,"1,353","2,632",36,117,18,126,54,243,0.0,1.0,47,2019
GUANAJUATO,904,"2,314",37,189,1,16,38,205,0.0,0.0,47,2019
SINALOA,"2,018","1,282",93,135,5,23,98,158,0.0,0.0,47,2019
COAHUILA,836,376,53,73,11,14,64,87,2.0,0.0,47,2019
CAMPECHE,340,"1,404",0,37,0,47,0,84,0.0,0.0,47,2019
BAJA CALIFORNIA SUR,"1,591",485,129,60,30,19,159,79,0.0,0.0,47,2019
ZACATECAS,24,186,3,53,0,2,3,55,0.0,0.0,47,2019
DURANGO,69,162,7,52,0,1,7,53,0.0,0.0,47,2019
MÉXICO,712,730,109,43,1,4,110,47,0.0,0.0,47,2019
CHIHUAHUA,14,191,0,33,0,6,0,39,0.0,0.0,47,2019
QUERÉTARO,35,177,2,27,0,1,2,28,0.0,0.0,47,2019
AGUASCALIENTES,17,63,0,12,0,1,0,13,0.0,0.0,47,2019
BAJA CALIFORNIA,84,114,4,3,0,0,4,3,0.0,0.0,47,2019
CIUDAD DE MÉXICO,194,555,0,0,0,0,0,0,0.0,0.0,47,2019
TLAXCALA,11,49,0,0,0,0,0,0,0.0,0.0,47,2019
VERACRUZ,"2,762","8,974",244.0,"1,433",47,286,291,"1,719",0.0,1.0,31,2019
CHIAPAS,"4,053","6,876",292.0,472,"1,102","1,060","1,394","1,532",13.0,9.0,31,2019
JALISCO,"2,598","5,586",207.0,617,26,173,233,790,0.0,0.0,31,2019
QUINTANA ROO,674,"2,225",16.0,299,2,145,18,444,0.0,1.0,31,2019
OAXACA,"1,035","3,048",12.0,302,3,107,15,409,1.0,0.0,31,2019
TABASCO,312,"2,418",1.0,171,1,188,2,359,0.0,4.0,31,2019
MORELOS,687,"2,446",4.0,70,11,211,15,281,0.0,0.0,31,2019
GUERRERO,863,"2,708",17.0,89,21,171,38,260,0.0,5.0,31,2019
MICHOACÁN,742,"1,507",66.0,240,2,19,68,259,1.0,0.0,31,2019
PUEBLA,260,871,14.0,225,0,18,14,243,0.0,0.0,31,2019
SAN LUIS POTOSÍ,455,"1,068",103.0,200,5,9,108,209,0.0,0.0,31,2019
HIDALGO,114,263,4.0,67,0,2,4,69,0.0,0.0,31,2019
NAYARIT,313,506,2.0,30,4,32,6,62,1.0,0.0,31,2019
TAMAULIPAS,808,907,46.0,52,6,9,52,61,1.0,0.0,31,2019
NUEVO LEÓN,931,882,16.0,26,13,24,29,50,0.0,0.0,31,2019
COLIMA,610,783,2.0,31,4,16,6,47,0.0,0.0,31,2019
SINALOA,427,412,3.0,26,0,2,3,28,0.0,0.0,31,2019
CAMPECHE,220,301,0.0,10,0,17,0,27,0.0,0.0,31,2019
GUANAJUATO,588,418,9.0,21,0,2,9,23,0.0,0.0,31,2019
YUCATÁN,639,982,0.0,12,0,5,0,17,0.0,0.0,31,2019
MÉXICO,321,297,60.0,8,1,3,61,11,0.0,0.0,31,2019
BAJA CALIFORNIA SUR,228,145,2.0,4,1,3,3,7,0.0,0.0,31,2019
COAHUILA,73,108,0.0,0,0,1,0,1,0.0,0.0,31,2019
SONORA,256,204,0.0,0,0,1,0,1,0.0,0.0,31,2019
AGUASCALIENTES,12,11,0.0,0,0,0,0,0,0.0,0.0,31,2019
BAJA CALIFORNIA,52,26,0.0,0,0,0,0,0,0.0,0.0,31,2019
CHIHUAHUA,7,8,0.0,0,0,0,0,0,0.0,0.0,31,2019
CIUDAD DE MÉXICO,107,158,0.0,0,0,0,0,0,0.0,0.0,31,2019
DURANGO,39,22,0.0,0,0,0,0,0,0.0,0.0,31,2019
QUERÉTARO,17,22,0.0,0,0,0,0,0,0.0,0.0,31,2019
TLAXCALA,1,10,0.0,0,0,0,0,0,0.0,0.0,31,2019
ZACATECAS,4,18,0.0,0,0,0,0,0,0.0,0.0,31,2019
CHIAPAS,"3,798","6,336",276.0,412,"1,023",922.0,"1,299","1,334",11.0,9.0,30,2019
VERACRUZ,"2,499","7,762",188.0,"1,044",41,222.0,229,"1,266",0.0,1.0,30,2019
JALISCO,"2,353","4,943",176.0,550,22,160.0,198,710,0.0,0.0,30,2019
QUINTANA ROO,644,"2,113",14.0,285,2,136.0,16,421,0.0,1.0,30,2019
TABASCO,304,"2,351",1.0,171,0,184.0,1,355,0.0,4.0,30,2019
OAXACA,926,"2,704",9.0,212,2,69.0,11,281,1.0,0.0,30,2019
GUERRERO,823,"2,413",16.0,79,19,161.0,35,240,0.0,5.0,30,2019
MICHOACÁN,703,"1,382",63.0,213,2,16.0,65,229,1.0,0.0,30,2019
MORELOS,652,"2,030",4.0,54,11,165.0,15,219,0.0,0.0,30,2019
PUEBLA,244,746,12.0,185,0,16.0,12,201,0.0,0.0,30,2019
SAN LUIS POTOSÍ,424,931,83.0,149,1,5.0,84,154,0.0,0.0,30,2019
TAMAULIPAS,786,848,42.0,49,5,9.0,47,58,1.0,0.0,30,2019
NAYARIT,295,484,2.0,27,4,28.0,6,55,1.0,0.0,30,2019
HIDALGO,107,225,4.0,45,0,0.0,4,45,0.0,0.0,30,2019
COLIMA,578,760,2.0,28,3,16.0,5,44,0.0,0.0,30,2019
NUEVO LEÓN,834,820,10.0,16,10,16.0,20,32,0.0,0.0,30,2019
CAMPECHE,211,268,0.0,10,0,17.0,0,27,0.0,0.0,30,2019
SINALOA,414,404,2.0,25,0,2.0,2,27,0.0,0.0,30,2019
GUANAJUATO,579,378,9.0,18,0,1.0,9,19,0.0,0.0,30,2019
YUCATÁN,611,924,0.0,10,0,4.0,0,14,0.0,0.0,30,2019
MÉXICO,294,275,58.0,8,1,2.0,59,10,0.0,0.0,30,2019
BAJA CALIFORNIA SUR,212,143,1.0,4,1,3.0,2,7,0.0,0.0,30,2019
COAHUILA,72,103,0.0,0,0,1.0,0,1,0.0,0.0,30,2019
AGUASCALIENTES,12,11,0.0,0,0,0.0,0,0,0.0,0.0,30,2019
BAJA CALIFORNIA,47,24,0.0,0,0,0.0,0,0,0.0,0.0,30,2019
CHIHUAHUA,6,7,0.0,0,0,0.0,0,0,0.0,0.0,30,2019
CIUDAD DE MÉXICO,104,141,0.0,0,0,0.0,0,0,0.0,0.0,30,2019
DURANGO,39,20,0.0,0,0,0.0,0,0,0.0,0.0,30,2019
QUERÉTARO,16,16,0.0,0,0,0.0,0,0,0.0,0.0,30,2019
SONORA,243,185,0.0,0,0,0.0,0,0,0.0,0.0,30,2019
TLAXCALA,3,10,0.0,0,0,0.0,0,0,0.0,0.0,30,2019
ZACATECAS,4,13,0.0,0,0,0.0,0,0,0.0,0.0,30,2019
VERACRUZ,536.0,"1,795",8.0,181.0,4.0,72.0,12.0,253.0,0.0,1.0,12,2019
CHIAPAS,635.0,865,26.0,66.0,211.0,172.0,237.0,238.0,0.0,2.0,12,2019
JALISCO,493.0,"1,388",18.0,99.0,3.0,31.0,21.0,130.0,0.0,0.0,12,2019
QUINTANA ROO,149.0,615,1.0,91.0,1.0,27.0,2.0,118.0,0.0,0.0,12,2019
TABASCO,117.0,759,0.0,53.0,0.0,39.0,0.0,92.0,0.0,0.0,12,2019
MICHOACÁN,198.0,524,9.0,64.0,0.0,7.0,9.0,71.0,0.0,0.0,12,2019
OAXACA,89.0,459,0.0,12.0,0.0,20.0,0.0,32.0,0.0,0.0,12,2019
TAMAULIPAS,205.0,241,2.0,19.0,1.0,6.0,3.0,25.0,0.0,0.0,12,2019
SAN LUIS POTOSÍ,36.0,164,0.0,22.0,0.0,2.0,0.0,24.0,0.0,0.0,12,2019
COLIMA,198.0,358,0.0,16.0,3.0,7.0,3.0,23.0,0.0,0.0,12,2019
SINALOA,194.0,167,1.0,15.0,0.0,2.0,1.0,17.0,0.0,0.0,12,2019
NAYARIT,80.0,158,0.0,10.0,1.0,6.0,1.0,16.0,0.0,0.0,12,2019
MORELOS,195.0,178,0.0,4.0,1.0,7.0,1.0,11.0,0.0,0.0,12,2019
PUEBLA,33.0,72,1.0,4.0,0.0,2.0,1.0,6.0,0.0,0.0,12,2019
GUERRERO,230.0,361,5.0,2.0,6.0,3.0,11.0,5.0,0.0,0.0,12,2019
YUCATÁN,141.0,142,0.0,3.0,0.0,2.0,0.0,5.0,0.0,0.0,12,2019
BAJA CALIFORNIA SUR,91.0,61,0.0,1.0,0.0,1.0,0.0,2.0,0.0,0.0,12,2019
CAMPECHE,46.0,44,0.0,0.0,0.0,2.0,0.0,2.0,0.0,0.0,12,2019
NUEVO LEÓN,183.0,179,1.0,1.0,1.0,1.0,2.0,2.0,0.0,0.0,12,2019
COAHUILA,25.0,16,0.0,0.0,0.0,1.0,0.0,1.0,0.0,0.0,12,2019
MÉXICO,58.0,58,6.0,1.0,0.0,0.0,6.0,1.0,0.0,0.0,12,2019
AGUASCALIENTES,4.0,2,0.0,0.0,0.0,0.0,0.0,0.0,0.0,0.0,12,2019
BAJA CALIFORNIA,7.0,2,0.0,0.0,0.0,0.0,0.0,0.0,0.0,0.0,12,2019
CHIHUAHUA,2.0,0,0.0,0.0,0.0,0.0,0.0,0.0,0.0,0.0,12,2019
CIUDAD DE MÉXICO,21.0,27,0.0,0.0,0.0,0.0,0.0,0.0,0.0,0.0,12,2019
DURANGO,12.0,4,0.0,0.0,0.0,0.0,0.0,0.0,0.0,0.0,12,2019
GUANAJUATO,76.0,28,0.0,0.0,0.0,0.0,0.0,0.0,0.0,0.0,12,2019
HIDALGO,35.0,36,1.0,0.0,0.0,0.0,1.0,0.0,0.0,0.0,12,2019
QUERÉTARO,5.0,1,0.0,0.0,0.0,0.0,0.0,0.0,0.0,0.0,12,2019
SONORA,86.0,52,0.0,0.0,0.0,0.0,0.0,0.0,0.0,0.0,12,2019
TLAXCALA,1.0,1,0.0,0.0,0.0,0.0,0.0,0.0,0.0,0.0,12,2019
ZACATECAS,2.0,2,0.0,0.0,0.0,0.0,0.0,0.0,0.0,0.0,12,2019
VERACRUZ,570.0,"1,913",8.0,196.0,4.0,78.0,12.0,274.0,0.0,1.0,13,2019
CHIAPAS,687.0,955,28.0,70.0,240.0,187.0,268.0,257.0,0.0,2.0,13,2019
JALISCO,515.0,"1,462",20.0,106.0,3.0,34.0,23.0,140.0,0.0,0.0,13,2019
QUINTANA ROO,163.0,683,1.0,100.0,1.0,36.0,2.0,136.0,0.0,0.0,13,2019
TABASCO,123.0,889,0.0,56.0,0.0,51.0,0.0,107.0,0.0,0.0,13,2019
MICHOACÁN,206.0,569,9.0,80.0,0.0,8.0,9.0,88.0,0.0,0.0,13,2019
OAXACA,106.0,500,0.0,13.0,0.0,21.0,0.0,34.0,0.0,0.0,13,2019
SAN LUIS POTOSÍ,40.0,187,0.0,24.0,0.0,2.0,0.0,26.0,0.0,0.0,13,2019
COLIMA,203.0,374,0.0,17.0,3.0,8.0,3.0,25.0,0.0,0.0,13,2019
TAMAULIPAS,227.0,293,2.0,19.0,1.0,6.0,3.0,25.0,0.0,0.0,13,2019
SINALOA,198.0,176,1.0,17.0,0.0,2.0,1.0,19.0,0.0,0.0,13,2019
NAYARIT,84.0,166,0.0,10.0,1.0,6.0,1.0,16.0,0.0,0.0,13,2019
MORELOS,210.0,198,0.0,4.0,1.0,7.0,1.0,11.0,0.0,0.0,13,2019
GUERRERO,250.0,386,5.0,2.0,6.0,4.0,11.0,6.0,0.0,0.0,13,2019
PUEBLA,35.0,79,1.0,4.0,0.0,2.0,1.0,6.0,0.0,0.0,13,2019
YUCATÁN,144.0,170,0.0,3.0,0.0,3.0,0.0,6.0,0.0,0.0,13,2019
BAJA CALIFORNIA SUR,91.0,68,0.0,2.0,0.0,1.0,0.0,3.0,0.0,0.0,13,2019
CAMPECHE,49.0,51,0.0,0.0,0.0,2.0,0.0,2.0,0.0,0.0,13,2019
NUEVO LEÓN,196.0,201,1.0,1.0,1.0,1.0,2.0,2.0,0.0,0.0,13,2019
COAHUILA,27.0,17,0.0,0.0,0.0,1.0,0.0,1.0,0.0,0.0,13,2019
MÉXICO,61.0,66,6.0,1.0,0.0,0.0,6.0,1.0,0.0,0.0,13,2019
AGUASCALIENTES,6.0,3,0.0,0.0,0.0,0.0,0.0,0.0,0.0,0.0,13,2019
BAJA CALIFORNIA,9.0,3,0.0,0.0,0.0,0.0,0.0,0.0,0.0,0.0,13,2019
CHIHUAHUA,2.0,0,0.0,0.0,0.0,0.0,0.0,0.0,0.0,0.0,13,2019
CIUDAD DE MÉXICO,23.0,32,0.0,0.0,0.0,0.0,0.0,0.0,0.0,0.0,13,2019
DURANGO,12.0,5,0.0,0.0,0.0,0.0,0.0,0.0,0.0,0.0,13,2019
GUANAJUATO,87.0,32,1.0,0.0,0.0,0.0,1.0,0.0,0.0,0.0,13,2019
HIDALGO,36.0,38,1.0,0.0,0.0,0.0,1.0,0.0,0.0,0.0,13,2019
QUERÉTARO,6.0,1,0.0,0.0,0.0,0.0,0.0,0.0,0.0,0.0,13,2019
SONORA,89.0,64,0.0,0.0,0.0,0.0,0.0,0.0,0.0,0.0,13,2019
TLAXCALA,1.0,1,0.0,0.0,0.0,0.0,0.0,0.0,0.0,0.0,13,2019
ZACATECAS,2.0,3,0.0,0.0,0.0,0.0,0.0,0.0,0.0,0.0,13,2019
JALISCO,"14,834","80,943","2,209","7,693",439,"3,994","2,648","11,687",6.0,49.0,51,2019
VERACRUZ,"15,750","50,913","2,192","9,193",449,"1,706","2,641","10,899",11.0,37.0,51,2019
CHIAPAS,"10,487","17,655",753,595,"2,580","1,646","3,333","2,241",39.0,22.0,51,2019
QUINTANA ROO,"1,574","10,660",153,912,38,"1,030",191,"1,942",0.0,13.0,51,2019
OAXACA,"5,093","16,907",179,"1,054",123,624,302,"1,678",7.0,6.0,51,2019
PUEBLA,782,"7,104",128,"1,365",1,283,129,"1,648",0.0,5.0,51,2019
SAN LUIS POTOSÍ,"2,248","9,703",629,"1,506",30,103,659,"1,609",0.0,0.0,51,2019
MORELOS,"1,565","10,780",19,393,75,"1,023",94,"1,416",0.0,26.0,51,2019
MICHOACÁN,"2,080","5,421",306,"1,118",9,112,315,"1,230",2.0,1.0,51,2019
TABASCO,"1,133","7,480",53,262,36,660,89,922,0.0,10.0,51,2019
HIDALGO,439,"2,506",134,846,5,64,139,910,0.0,1.0,51,2019
GUERRERO,"1,963","10,410",66,311,54,591,120,902,2.0,18.0,51,2019
NAYARIT,"1,225","6,538",68,258,29,445,97,703,1.0,1.0,51,2019
NUEVO LEÓN,"6,111","4,068",486,388,382,300,868,688,0.0,0.0,51,2019
YUCATÁN,"1,113","4,680",13,245,6,369,19,614,0.0,1.0,51,2019
SONORA,980,"2,592",25,353,2,84,27,437,0.0,0.0,51,2019
TAMAULIPAS,"1,871","6,212",180,281,22,119,202,400,1.0,0.0,51,2019
COLIMA,"1,482","3,013",40,129,20,160,60,289,0.0,1.0,51,2019
SINALOA,"2,210","1,639",97,212,7,51,104,263,0.0,0.0,51,2019
GUANAJUATO,921,"2,553",38,236,1,20,39,256,0.0,0.0,51,2019
COAHUILA,876,418,57,95,13,19,70,114,3.0,0.0,51,2019
CAMPECHE,349,"1,715",0,45,0,63,0,108,0.0,0.0,51,2019
BAJA CALIFORNIA SUR,"1,857",528,145,67,34,22,179,89,0.0,0.0,51,2019
ZACATECAS,24,221,3,63,0,2,3,65,0.0,0.0,51,2019
MÉXICO,731,823,110,53,1,4,111,57,0.0,0.0,51,2019
DURANGO,70,170,7,52,0,2,7,54,0.0,0.0,51,2019
CHIHUAHUA,16,193,0,34,0,6,0,40,0.0,0.0,51,2019
QUERÉTARO,41,200,3,33,0,1,3,34,0.0,0.0,51,2019
AGUASCALIENTES,17,70,0,15,0,2,0,17,0.0,0.0,51,2019
BAJA CALIFORNIA,86,118,4,4,0,1,4,5,0.0,0.0,51,2019
CIUDAD DE MÉXICO,201,581,0,0,0,0,0,0,0.0,0.0,51,2019
TLAXCALA,11,50,0,0,0,0,0,0,0.0,0.0,51,2019
JALISCO,"14,640","80,458","2,165","7,441",429,"3,893","2,594","11,334",6.0,37.0,50,2019
VERACRUZ,"15,470","50,219","2,169","8,793",445,"1,615","2,614","10,408",10.0,29.0,50,2019
CHIAPAS,"10,413","17,545",748,594,"2,560","1,634","3,308","2,228",39.0,22.0,50,2019
QUINTANA ROO,"1,531","10,319",142,863,36,936,178,"1,799",0.0,11.0,50,2019
OAXACA,"5,036","16,708",177,"1,053",123,614,300,"1,667",7.0,6.0,50,2019
PUEBLA,778,"7,054",127,"1,365",1,276,128,"1,641",0.0,5.0,50,2019
SAN LUIS POTOSÍ,"2,232","9,495",625,"1,475",30,96,655,"1,571",0.0,0.0,50,2019
MORELOS,"1,545","10,661",18,393,71,"1,017",89,"1,410",0.0,19.0,50,2019
MICHOACÁN,"2,036","5,338",300,"1,077",7,98,307,"1,175",1.0,1.0,50,2019
HIDALGO,438,"2,477",134,842,5,58,139,900,0.0,1.0,50,2019
TABASCO,"1,099","7,259",52,255,35,639,87,894,0.0,9.0,50,2019
GUERRERO,"1,945","10,234",66,305,54,560,120,865,2.0,14.0,50,2019
NAYARIT,"1,212","6,293",68,253,27,419,95,672,1.0,1.0,50,2019
NUEVO LEÓN,"6,095","4,042",486,375,382,284,868,659,0.0,0.0,50,2019
YUCATÁN,"1,107","4,549",11,223,5,316,16,539,0.0,0.0,50,2019
SONORA,968,"2,562",24,342,2,83,26,425,0.0,0.0,50,2019
TAMAULIPAS,"1,858","5,906",180,275,21,111,201,386,1.0,0.0,50,2019
COLIMA,"1,460","2,949",38,129,20,152,58,281,0.0,1.0,50,2019
GUANAJUATO,920,"2,523",38,229,1,20,39,249,0.0,0.0,50,2019
SINALOA,"2,170","1,548",97,194,7,42,104,236,0.0,0.0,50,2019
COAHUILA,875,414,57,93,12,17,69,110,3.0,0.0,50,2019
CAMPECHE,348,"1,656",0,44,0,56,0,100,0.0,0.0,50,2019
BAJA CALIFORNIA SUR,"1,792",526,144,66,34,21,178,87,0.0,0.0,50,2019
ZACATECAS,24,220,3,63,0,2,3,65,0.0,0.0,50,2019
MÉXICO,728,809,110,51,1,4,111,55,0.0,0.0,50,2019
DURANGO,70,170,7,52,0,2,7,54,0.0,0.0,50,2019
CHIHUAHUA,16,193,0,34,0,6,0,40,0.0,0.0,50,2019
QUERÉTARO,39,197,2,33,0,1,2,34,0.0,0.0,50,2019
AGUASCALIENTES,17,70,0,15,0,2,0,17,0.0,0.0,50,2019
BAJA CALIFORNIA,85,118,4,4,0,1,4,5,0.0,0.0,50,2019
CIUDAD DE MÉXICO,201,578,0,0,0,0,0,0,0.0,0.0,50,2019
TLAXCALA,11,50,0,0,0,0,0,0,0.0,0.0,50,2019
CHIAPAS,"1,049","1,521",41.0,97.0,330.0,271.0,371.0,368.0,1.0,2.0,18,2019
VERACRUZ,929,"2,474",17.0,265.0,7.0,91.0,24.0,356.0,0.0,1.0,18,2019
TABASCO,165,"1,511",0.0,103.0,0.0,103.0,0.0,206.0,0.0,0.0,18,2019
JALISCO,803,"1,892",28.0,144.0,3.0,44.0,31.0,188.0,0.0,0.0,18,2019
QUINTANA ROO,249,919,2.0,136.0,1.0,50.0,3.0,186.0,0.0,0.0,18,2019
MICHOACÁN,300,790,10.0,116.0,0.0,9.0,10.0,125.0,0.0,0.0,18,2019
OAXACA,202,703,1.0,23.0,0.0,29.0,1.0,52.0,0.0,0.0,18,2019
COLIMA,302,476,0.0,20.0,3.0,13.0,3.0,33.0,0.0,0.0,18,2019
SAN LUIS POTOSÍ,75,254,0.0,27.0,0.0,2.0,0.0,29.0,0.0,0.0,18,2019
TAMAULIPAS,352,414,5.0,21.0,1.0,6.0,6.0,27.0,0.0,0.0,18,2019
NAYARIT,132,234,0.0,16.0,1.0,9.0,1.0,25.0,0.0,0.0,18,2019
SINALOA,252,257,1.0,22.0,0.0,2.0,1.0,24.0,0.0,0.0,18,2019
MORELOS,304,308,0.0,4.0,1.0,16.0,1.0,20.0,0.0,0.0,18,2019
GUERRERO,364,580,8.0,3.0,8.0,16.0,16.0,19.0,0.0,0.0,18,2019
YUCATÁN,197,285,0.0,5.0,0.0,6.0,0.0,11.0,0.0,0.0,18,2019
PUEBLA,62,117,1.0,5.0,0.0,3.0,1.0,8.0,0.0,0.0,18,2019
CAMPECHE,67,68,0.0,3.0,0.0,3.0,0.0,6.0,0.0,0.0,18,2019
BAJA CALIFORNIA SUR,126,77,0.0,3.0,0.0,2.0,0.0,5.0,0.0,0.0,18,2019
NUEVO LEÓN,315,318,1.0,2.0,1.0,1.0,2.0,3.0,0.0,0.0,18,2019
COAHUILA,37,36,0.0,0.0,0.0,1.0,0.0,1.0,0.0,0.0,18,2019
HIDALGO,57,55,1.0,1.0,0.0,0.0,1.0,1.0,0.0,0.0,18,2019
MÉXICO,93,126,7.0,1.0,0.0,0.0,7.0,1.0,0.0,0.0,18,2019
AGUASCALIENTES,7,4,0.0,0.0,0.0,0.0,0.0,0.0,0.0,0.0,18,2019
BAJA CALIFORNIA,16,5,0.0,0.0,0.0,0.0,0.0,0.0,0.0,0.0,18,2019
CHIHUAHUA,2,2,0.0,0.0,0.0,0.0,0.0,0.0,0.0,0.0,18,2019
CIUDAD DE MÉXICO,53,64,0.0,0.0,0.0,0.0,0.0,0.0,0.0,0.0,18,2019
DURANGO,24,10,0.0,0.0,0.0,0.0,0.0,0.0,0.0,0.0,18,2019
GUANAJUATO,264,67,2.0,0.0,0.0,0.0,2.0,0.0,0.0,0.0,18,2019
QUERÉTARO,9,5,0.0,0.0,0.0,0.0,0.0,0.0,0.0,0.0,18,2019
SONORA,126,92,0.0,0.0,0.0,0.0,0.0,0.0,0.0,0.0,18,2019
TLAXCALA,1,5,0.0,0.0,0.0,0.0,0.0,0.0,0.0,0.0,18,2019
ZACATECAS,2,6,0.0,0.0,0.0,0.0,0.0,0.0,0.0,0.0,18,2019
CHIAPAS,"1,113","1,667",47.0,111.0,351.0,292.0,398.0,403.0,2.0,2.0,19,2019
VERACRUZ,997,"2,615",19.0,283.0,8.0,94.0,27.0,377.0,0.0,1.0,19,2019
TABASCO,178,"1,624",0.0,110.0,0.0,119.0,0.0,229.0,0.0,0.0,19,2019
QUINTANA ROO,269,966,2.0,146.0,1.0,55.0,3.0,201.0,0.0,0.0,19,2019
JALISCO,874,"1,969",34.0,145.0,3.0,44.0,37.0,189.0,0.0,0.0,19,2019
MICHOACÁN,315,820,10.0,123.0,0.0,10.0,10.0,133.0,0.0,0.0,19,2019
OAXACA,226,748,1.0,27.0,0.0,29.0,1.0,56.0,0.0,0.0,19,2019
COLIMA,318,493,0.0,20.0,3.0,14.0,3.0,34.0,0.0,0.0,19,2019
SAN LUIS POTOSÍ,82,269,1.0,30.0,0.0,3.0,1.0,33.0,0.0,0.0,19,2019
TAMAULIPAS,382,438,5.0,22.0,1.0,6.0,6.0,28.0,0.0,0.0,19,2019
MORELOS,326,346,0.0,6.0,1.0,21.0,1.0,27.0,0.0,0.0,19,2019
GUERRERO,390,660,8.0,3.0,8.0,23.0,16.0,26.0,0.0,0.0,19,2019
NAYARIT,139,247,0.0,16.0,1.0,9.0,1.0,25.0,0.0,0.0,19,2019
SINALOA,262,269,1.0,22.0,0.0,2.0,1.0,24.0,0.0,0.0,19,2019
PUEBLA,77,126,1.0,8.0,0.0,3.0,1.0,11.0,0.0,0.0,19,2019
YUCATÁN,216,317,0.0,5.0,0.0,6.0,0.0,11.0,0.0,0.0,19,2019
CAMPECHE,87,87,0.0,3.0,0.0,3.0,0.0,6.0,0.0,0.0,19,2019
BAJA CALIFORNIA SUR,134,83,0.0,3.0,0.0,2.0,0.0,5.0,0.0,0.0,19,2019
MÉXICO,97,140,8.0,3.0,0.0,0.0,8.0,3.0,0.0,0.0,19,2019
NUEVO LEÓN,346,346,1.0,2.0,1.0,1.0,2.0,3.0,0.0,0.0,19,2019
HIDALGO,61,58,1.0,2.0,0.0,0.0,1.0,2.0,0.0,0.0,19,2019
COAHUILA,38,41,0.0,0.0,0.0,1.0,0.0,1.0,0.0,0.0,19,2019
AGUASCALIENTES,7,4,0.0,0.0,0.0,0.0,0.0,0.0,0.0,0.0,19,2019
BAJA CALIFORNIA,18,5,0.0,0.0,0.0,0.0,0.0,0.0,0.0,0.0,19,2019
CHIHUAHUA,2,2,0.0,0.0,0.0,0.0,0.0,0.0,0.0,0.0,19,2019
CIUDAD DE MÉXICO,59,66,0.0,0.0,0.0,0.0,0.0,0.0,0.0,0.0,19,2019
DURANGO,24,11,0.0,0.0,0.0,0.0,0.0,0.0,0.0,0.0,19,2019
GUANAJUATO,287,76,2.0,0.0,0.0,0.0,2.0,0.0,0.0,0.0,19,2019
QUERÉTARO,9,5,0.0,0.0,0.0,0.0,0.0,0.0,0.0,0.0,19,2019
SONORA,134,97,0.0,0.0,0.0,0.0,0.0,0.0,0.0,0.0,19,2019
TLAXCALA,1,7,0.0,0.0,0.0,0.0,0.0,0.0,0.0,0.0,19,2019
ZACATECAS,2,6,0.0,0.0,0.0,0.0,0.0,0.0,0.0,0.0,19,2019
VERACRUZ,"1,803","4,660",116.0,618.0,26.0,163.0,142.0,781.0,0.0,1.0,26,2019
CHIAPAS,"2,725","4,276",163.0,228.0,687.0,530.0,850.0,758.0,3.0,6.0,26,2019
JALISCO,"1,686","3,313",115.0,274.0,15.0,76.0,130.0,350.0,0.0,0.0,26,2019
TABASCO,256,"2,133",1.0,160.0,0.0,174.0,1.0,334.0,0.0,3.0,26,2019
QUINTANA ROO,480,"1,720",7.0,213.0,1.0,93.0,8.0,306.0,0.0,0.0,26,2019
OAXACA,582,"1,704",4.0,169.0,1.0,56.0,5.0,225.0,0.0,0.0,26,2019
MICHOACÁN,566,"1,126",26.0,157.0,2.0,13.0,28.0,170.0,1.0,0.0,26,2019
MORELOS,528,985,0.0,36.0,3.0,83.0,3.0,119.0,0.0,0.0,26,2019
PUEBLA,199,416,8.0,96.0,0.0,12.0,8.0,108.0,0.0,0.0,26,2019
GUERRERO,621,"1,556",10.0,27.0,11.0,78.0,21.0,105.0,0.0,5.0,26,2019
SAN LUIS POTOSÍ,283,596,52.0,81.0,0.0,4.0,52.0,85.0,0.0,0.0,26,2019
TAMAULIPAS,621,670,20.0,39.0,5.0,9.0,25.0,48.0,1.0,0.0,26,2019
COLIMA,460,659,1.0,24.0,3.0,15.0,4.0,39.0,0.0,0.0,26,2019
NAYARIT,237,397,2.0,23.0,4.0,16.0,6.0,39.0,0.0,0.0,26,2019
HIDALGO,93,165,3.0,33.0,0.0,0.0,3.0,33.0,0.0,0.0,26,2019
SINALOA,355,367,2.0,25.0,0.0,2.0,2.0,27.0,0.0,0.0,26,2019
CAMPECHE,146,211,0.0,8.0,0.0,16.0,0.0,24.0,0.0,0.0,26,2019
YUCATÁN,427,700,0.0,8.0,0.0,4.0,0.0,12.0,0.0,0.0,26,2019
NUEVO LEÓN,633,644,3.0,3.0,4.0,8.0,7.0,11.0,0.0,0.0,26,2019
MÉXICO,216,209,41.0,8.0,1.0,2.0,42.0,10.0,0.0,0.0,26,2019
BAJA CALIFORNIA SUR,167,128,0.0,4.0,0.0,3.0,0.0,7.0,0.0,0.0,26,2019
GUANAJUATO,476,214,8.0,7.0,0.0,0.0,8.0,7.0,0.0,0.0,26,2019
COAHUILA,58,81,0.0,0.0,0.0,1.0,0.0,1.0,0.0,0.0,26,2019
AGUASCALIENTES,10,7,0.0,0.0,0.0,0.0,0.0,0.0,0.0,0.0,26,2019
BAJA CALIFORNIA,38,16,0.0,0.0,0.0,0.0,0.0,0.0,0.0,0.0,26,2019
CHIHUAHUA,4,6,0.0,0.0,0.0,0.0,0.0,0.0,0.0,0.0,26,2019
CIUDAD DE MÉXICO,88,100,0.0,0.0,0.0,0.0,0.0,0.0,0.0,0.0,26,2019
DURANGO,33,17,0.0,0.0,0.0,0.0,0.0,0.0,0.0,0.0,26,2019
QUERÉTARO,11,12,0.0,0.0,0.0,0.0,0.0,0.0,0.0,0.0,26,2019
SONORA,197,153,0.0,0.0,0.0,0.0,0.0,0.0,0.0,0.0,26,2019
TLAXCALA,3,9,0.0,0.0,0.0,0.0,0.0,0.0,0.0,0.0,26,2019
ZACATECAS,2,9,0.0,0.0,0.0,0.0,0.0,0.0,0.0,0.0,26,2019
VERACRUZ,"1,958","5,199",134.0,736.0,30.0,177.0,164,913.0,0.0,1.0,27,2019
CHIAPAS,"2,978","4,893",213.0,264.0,792.0,583.0,"1,005",847.0,9.0,9.0,27,2019
JALISCO,"1,824","3,608",128.0,334.0,18.0,88.0,146,422.0,0.0,0.0,27,2019
TABASCO,271,"2,185",1.0,166.0,0.0,177.0,1,343.0,0.0,4.0,27,2019
QUINTANA ROO,525,"1,811",10.0,226.0,1.0,102.0,11,328.0,0.0,1.0,27,2019
OAXACA,661,"1,903",5.0,205.0,1.0,63.0,6,268.0,1.0,0.0,27,2019
MICHOACÁN,592,"1,177",45.0,166.0,2.0,14.0,47,180.0,1.0,0.0,27,2019
PUEBLA,208,500,9.0,126.0,0.0,12.0,9,138.0,0.0,0.0,27,2019
GUERRERO,663,"1,736",10.0,33.0,15.0,89.0,25,122.0,0.0,5.0,27,2019
MORELOS,561,"1,185",0.0,36.0,5.0,85.0,5,121.0,0.0,0.0,27,2019
SAN LUIS POTOSÍ,325,661,63.0,95.0,0.0,4.0,63,99.0,0.0,0.0,27,2019
TAMAULIPAS,674,697,35.0,40.0,5.0,9.0,40,49.0,1.0,0.0,27,2019
NAYARIT,255,411,2.0,23.0,4.0,18.0,6,41.0,1.0,0.0,27,2019
COLIMA,491,679,1.0,24.0,3.0,15.0,4,39.0,0.0,0.0,27,2019
HIDALGO,96,178,4.0,34.0,0.0,0.0,4,34.0,0.0,0.0,27,2019
SINALOA,372,375,2.0,25.0,0.0,2.0,2,27.0,0.0,0.0,27,2019
CAMPECHE,168,223,0.0,9.0,0.0,16.0,0,25.0,0.0,0.0,27,2019
YUCATÁN,466,750,0.0,8.0,0.0,4.0,0,12.0,0.0,0.0,27,2019
NUEVO LEÓN,669,689,5.0,3.0,5.0,8.0,10,11.0,0.0,0.0,27,2019
GUANAJUATO,495,258,8.0,10.0,0.0,0.0,8,10.0,0.0,0.0,27,2019
MÉXICO,232,225,42.0,8.0,1.0,2.0,43,10.0,0.0,0.0,27,2019
BAJA CALIFORNIA SUR,176,129,0.0,4.0,0.0,3.0,0,7.0,0.0,0.0,27,2019
COAHUILA,61,87,0.0,0.0,0.0,1.0,0,1.0,0.0,0.0,27,2019
AGUASCALIENTES,10,7,0.0,0.0,0.0,0.0,0,0.0,0.0,0.0,27,2019
BAJA CALIFORNIA,40,18,0.0,0.0,0.0,0.0,0,0.0,0.0,0.0,27,2019
CHIHUAHUA,5,7,0.0,0.0,0.0,0.0,0,0.0,0.0,0.0,27,2019
CIUDAD DE MÉXICO,99,109,0.0,0.0,0.0,0.0,0,0.0,0.0,0.0,27,2019
DURANGO,33,17,0.0,0.0,0.0,0.0,0,0.0,0.0,0.0,27,2019
QUERÉTARO,11,13,0.0,0.0,0.0,0.0,0,0.0,0.0,0.0,27,2019
SONORA,207,161,0.0,0.0,0.0,0.0,0,0.0,0.0,0.0,27,2019
TLAXCALA,3,9,0.0,0.0,0.0,0.0,0,0.0,0.0,0.0,27,2019
ZACATECAS,2,10,0.0,0.0,0.0,0.0,0,0.0,0.0,0.0,27,2019
VERACRUZ*,"10,210","38,925","1,409","6,343",237,879,"1,646","7,222",4.0,15.0,42,2019
JALISCO,"9,186","53,795","1,135","4,986",141,"1,976","1,276","6,962",4.0,20.0,42,2019
CHIAPAS,"8,529","14,611",641,573,"2,125","1,452","2,766","2,025",33.0,16.0,42,2019
OAXACA*,"3,599","12,423",109,942,66,432,175,"1,374",4.0,4.0,42,2019
QUINTANA ROO,"1,056","6,179",51,698,9,463,60,"1,161",0.0,6.0,42,2019
PUEBLA,578,"5,549",83,"1,017",0,143,83,"1,160",0.0,3.0,42,2019
SAN LUIS POTOSÍ,"1,573","5,442",403,"1,090",19,45,422,"1,135",0.0,0.0,42,2019
MORELOS*,"1,201","8,568",17,311,49,805,66,"1,116",0.0,10.0,42,2019
MICHOACÁN,"1,544","3,812",189,742,5,60,194,802,1.0,1.0,42,2019
HIDALGO,369,"1,712",101,694,4,36,105,730,0.0,1.0,42,2019
GUERRERO*,"1,482","7,096",34,237,34,431,68,668,1.0,7.0,42,2019
TABASCO,646,"4,485",26,209,9,378,35,587,0.0,5.0,42,2019
NAYARIT,652,"2,781",25,153,8,161,33,314,1.0,1.0,42,2019
NUEVO LEÓN,"4,296","2,618",241,170,174,121,415,291,0.0,0.0,42,2019
YUCATÁN*,910,"2,644",2,133,0,93,2,226,0.0,0.0,42,2019
TAMAULIPAS,"1,462","2,587",127,177,15,44,142,221,1.0,0.0,42,2019
SONORA,596,"1,153",11,126,1,29,12,155,0.0,0.0,42,2019
COLIMA,"1,081","1,891",26,81,13,72,39,153,0.0,0.0,42,2019
GUANAJUATO,832,"1,350",30,88,1,10,31,98,0.0,0.0,42,2019
CAMPECHE,309,974,0,26,0,34,0,60,0.0,0.0,42,2019
SINALOA,"1,300",773,53,44,2,5,55,49,0.0,0.0,42,2019
MÉXICO*,642,616,103,39,1,3,104,42,0.0,0.0,42,2019
BAJA CALIFORNIA SUR,"1,070",356,102,31,16,9,118,40,0.0,0.0,42,2019
CHIHUAHUA,13,135,0,22,0,5,0,27,0.0,0.0,42,2019
DURANGO,65,89,7,25,0,1,7,26,0.0,0.0,42,2019
COAHUILA,393,249,47,18,4,5,51,23,0.0,0.0,42,2019
ZACATECAS,20,76,2,11,0,1,2,12,0.0,0.0,42,2019
QUERÉTARO,33,118,2,10,0,0,2,10,0.0,0.0,42,2019
AGUASCALIENTES,16,41,0,6,0,0,0,6,0.0,0.0,42,2019
BAJA CALIFORNIA,75,82,2,2,0,0,2,2,0.0,0.0,42,2019
CIUDAD DE MÉXICO,162,462,0,0,0,0,0,0,0.0,0.0,42,2019
TLAXCALA,8,33,0,0,0,0,0,0,0.0,0.0,42,2019
JALISCO,"10,081","61,119","1,365","5,408",190,"2,214","1,555","7,622",5.0,20.0,43,2019
VERACRUZ,"11,231","41,340","1,461","6,593",272,"1,024","1,733","7,617",6.0,15.0,43,2019
CHIAPAS,"9,076","15,186",671,573,"2,215","1,464","2,886","2,037",35.0,16.0,43,2019
OAXACA,"3,896","13,360",122,962,80,455,202,"1,417",5.0,4.0,43,2019
PUEBLA,622,"6,001",97,"1,170",1,161,98,"1,331",0.0,3.0,43,2019
SAN LUIS POTOSÍ,"1,726","6,173",451,"1,153",21,45,472,"1,198",0.0,0.0,43,2019
QUINTANA ROO,"1,120","6,766",61,703,10,491,71,"1,194",0.0,6.0,43,2019
MORELOS,"1,275","8,891",17,316,49,808,66,"1,124",0.0,10.0,43,2019
MICHOACÁN,"1,643","4,039",207,788,6,64,213,852,1.0,1.0,43,2019
HIDALGO,377,"1,882",112,694,4,37,116,731,0.0,1.0,43,2019
GUERRERO,"1,601","7,567",35,245,34,451,69,696,2.0,7.0,43,2019
TABASCO,732,"4,927",29,215,10,384,39,599,0.0,5.0,43,2019
NUEVO LEÓN,"4,871","2,942",300,196,214,150,514,346,0.0,0.0,43,2019
NAYARIT,688,"3,367",31,154,10,179,41,333,1.0,1.0,43,2019
YUCATÁN,944,"2,984",4,150,1,114,5,264,0.0,0.0,43,2019
TAMAULIPAS,"1,523","2,973",133,190,16,51,149,241,1.0,0.0,43,2019
SONORA,685,"1,417",13,160,1,32,14,192,0.0,0.0,43,2019
COLIMA,"1,146","2,057",26,91,13,81,39,172,0.0,0.0,43,2019
GUANAJUATO*,855,"1,599",34,103,1,12,35,115,0.0,0.0,43,2019
CAMPECHE,317,"1,073",0,29,0,36,0,65,0.0,0.0,43,2019
SINALOA,"1,510",849,56,52,2,8,58,60,0.0,0.0,43,2019
BAJA CALIFORNIA SUR,"1,185",384,112,44,20,11,132,55,0.0,0.0,43,2019
MÉXICO,659,646,109,39,1,3,110,42,0.0,0.0,43,2019
CHIHUAHUA,13,153,0,25,0,6,0,31,0.0,0.0,43,2019
COAHUILA,521,277,47,23,4,6,51,29,0.0,0.0,43,2019
DURANGO,66,106,7,28,0,1,7,29,0.0,0.0,43,2019
ZACATECAS,23,110,3,15,0,1,3,16,0.0,0.0,43,2019
QUERÉTARO*,33,130,2,9,0,1,2,10,0.0,0.0,43,2019
AGUASCALIENTES,16,47,0,6,0,0,0,6,0.0,0.0,43,2019
BAJA CALIFORNIA,77,94,3,2,0,0,3,2,0.0,0.0,43,2019
CIUDAD DE MÉXICO,165,491,0,0,0,0,0,0,0.0,0.0,43,2019
TLAXCALA,8,35,0,0,0,0,0,0,0.0,0.0,43,2019
VERACRUZ,"4,007","17,210",470.0,"2,812",84,422,554,"3,234",0.0,2.0,35,2019
CHIAPAS,"5,097","9,448",380.0,527,"1,363","1,265","1,743","1,792",18.0,10.0,35,2019
JALISCO*,"3,983","12,709",367.0,"1,362",44,415,411,"1,777",0.0,2.0,35,2019
OAXACA,"1,466","5,175",18.0,522,14,211,32,733,1.0,0.0,35,2019
QUINTANA ROO,780,"3,013",25.0,377,4,215,29,592,0.0,3.0,35,2019
SAN LUIS POTOSÍ,629,"2,032",144.0,490,9,20,153,510,0.0,0.0,35,2019
GUERRERO,"1,005","4,120",22.0,173,24,290,46,463,0.0,5.0,35,2019
PUEBLA,345,"1,991",29.0,400,0,47,29,447,0.0,0.0,35,2019
MICHOACÁN,976,"2,158",92.0,394,3,28,95,422,1.0,0.0,35,2019
MORELOS,840,"4,599",6.0,114,16,300,22,414,0.0,0.0,35,2019
TABASCO,376,"2,850",4.0,175,3,223,7,398,0.0,4.0,35,2019
HIDALGO,197,552,25.0,216,1,9,26,225,0.0,1.0,35,2019
TAMAULIPAS,930,"1,216",58.0,107,9,16,67,123,1.0,0.0,35,2019
NUEVO LEÓN,"1,578","1,228",73.0,59,54,42,127,101,0.0,0.0,35,2019
NAYARIT,402,707,5.0,50,5,45,10,95,1.0,1.0,35,2019
YUCATÁN,708,"1,270",0.0,42,0,20,0,62,0.0,0.0,35,2019
COLIMA,733,955,5.0,38,4,21,9,59,0.0,0.0,35,2019
GUANAJUATO,661,612,13.0,37,0,2,13,39,0.0,0.0,35,2019
CAMPECHE,243,425,0.0,14,0,17,0,31,0.0,0.0,35,2019
SINALOA,560,467,19.0,28,1,2,20,30,0.0,0.0,35,2019
SONORA,300,346,0.0,16,0,3,0,19,0.0,0.0,35,2019
MÉXICO *,445,423,76.0,8,1,3,77,11,0.0,0.0,35,2019
BAJA CALIFORNIA SUR,345,179,15.0,7,3,3,18,10,0.0,0.0,35,2019
COAHUILA,91,140,0.0,2,0,2,0,4,0.0,0.0,35,2019
CHIHUAHUA,10,13,0.0,1,0,0,0,1,0.0,0.0,35,2019
QUERÉTARO,17,41,0.0,1,0,0,0,1,0.0,0.0,35,2019
AGUASCALIENTES,14,14,0.0,0,0,0,0,0,0.0,0.0,35,2019
BAJA CALIFORNIA,57,45,0.0,0,0,0,0,0,0.0,0.0,35,2019
CIUDAD DE MÉXICO,131,267,0.0,0,0,0,0,0,0.0,0.0,35,2019
DURANGO,48,26,2.0,0,0,0,2,0,0.0,0.0,35,2019
TLAXCALA,2,17,0.0,0,0,0,0,0,0.0,0.0,35,2019
ZACATECAS,8,29,0.0,0,0,0,0,0,0.0,0.0,35,2019
VERACRUZ,"3,678","14,477",405.0,"2,473",74,387,479,"2,860",0.0,2.0,34,2019
CHIAPAS,"4,767","8,764",360.0,516,"1,318","1,226","1,678","1,742",17.0,10.0,34,2019
JALISCO,"3,584","9,526",314.0,"1,181",40,365,354,"1,546",0.0,2.0,34,2019
QUINTANA ROO,757,"2,789",24.0,366,4,200,28,566,0.0,3.0,34,2019
OAXACA,"1,368","4,500",16.0,432,11,169,27,601,1.0,0.0,34,2019
TABASCO,358,"2,735",4.0,175,3,206,7,381,0.0,4.0,34,2019
PUEBLA,327,"1,639",29.0,364,0,44,29,408,0.0,0.0,34,2019
MICHOACÁN,916,"1,971",86.0,346,3,27,89,373,1.0,0.0,34,2019
SAN LUIS POTOSÍ,566,"1,653",136.0,388,9,19,145,407,0.0,0.0,34,2019
MORELOS,800,"3,980",6.0,90,16,250,22,340,0.0,0.0,34,2019
GUERRERO,968,"3,643",20.0,95,22,193,42,288,0.0,5.0,34,2019
HIDALGO,168,482,17.0,170,1,6,18,176,0.0,1.0,34,2019
TAMAULIPAS,906,"1,122",52.0,90,7,11,59,101,1.0,0.0,34,2019
NUEVO LEÓN,"1,422","1,142",58.0,59,39,42,97,101,0.0,0.0,34,2019
NAYARIT,391,626,4.0,45,5,41,9,86,1.0,1.0,34,2019
COLIMA,696,900,4.0,37,4,19,8,56,0.0,0.0,34,2019
YUCATÁN,691,"1,184",0.0,29,0,17,0,46,0.0,0.0,34,2019
CAMPECHE,238,377,0.0,13,0,17,0,30,0.0,0.0,34,2019
SINALOA,522,453,15.0,27,1,2,16,29,0.0,0.0,34,2019
GUANAJUATO,648,562,10.0,31,0,2,10,33,0.0,0.0,34,2019
MÉXICO,419,394,67.0,9,1,3,68,12,0.0,0.0,34,2019
BAJA CALIFORNIA SUR,313,174,7.0,7,2,3,9,10,0.0,0.0,34,2019
SONORA,287,293,0.0,12,0,2,0,14,0.0,0.0,34,2019
COAHUILA,85,129,0.0,2,0,2,0,4,0.0,0.0,34,2019
AGUASCALIENTES,14,14,0.0,0,0,0,0,0,0.0,0.0,34,2019
BAJA CALIFORNIA,55,40,0.0,0,0,0,0,0,0.0,0.0,34,2019
CHIHUAHUA,10,10,0.0,0,0,0,0,0,0.0,0.0,34,2019
CIUDAD DE MÉXICO,129,233,0.0,0,0,0,0,0,0.0,0.0,34,2019
DURANGO,44,25,2.0,0,0,0,2,0,0.0,0.0,34,2019
QUERÉTARO,17,34,0.0,1,0,0,0,1,0.0,0.0,34,2019
TLAXCALA,2,13,0.0,0,0,0,0,0,0.0,0.0,34,2019
ZACATECAS,7,27,0.0,0,0,0,0,0,0.0,0.0,34,2019
JALISCO,"13,964","78,164","2,005","6,877",390,"3,670","2,395","10,547",6.0,25.0,48,2019
VERACRUZ,"14,534","48,238","2,028","8,050",415,"1,447","2,443","9,497",9.0,23.0,48,2019
CHIAPAS,"10,190","17,124",737,592,"2,486","1,609","3,223","2,201",39.0,22.0,48,2019
PUEBLA,756,"6,883",121,"1,349",1,256,122,"1,605",0.0,5.0,48,2019
OAXACA,"4,804","16,059",165,"1,025",114,577,279,"1,602",7.0,5.0,48,2019
QUINTANA ROO,"1,426","9,366",129,783,35,783,164,"1,566",0.0,11.0,48,2019
SAN LUIS POTOSÍ,"2,174","9,040",613,"1,418",30,88,643,"1,506",0.0,0.0,48,2019
MORELOS *,"1,487","10,291",17,392,59,"1,007",76,"1,399",0.0,19.0,48,2019
MICHOACÁN,"1,962","5,075",285,"1,032",6,88,291,"1,120",1.0,1.0,48,2019
HIDALGO,426,"2,339",131,829,5,48,136,877,0.0,1.0,48,2019
TABASCO,"1,039","6,741",47,236,25,565,72,801,0.0,9.0,48,2019
GUERRERO,"1,874","9,554",59,275,48,503,107,778,2.0,12.0,48,2019
NAYARIT,"1,152","5,708",62,233,23,363,85,596,1.0,1.0,48,2019
NUEVO LEÓN,"6,028","3,910",430,324,339,254,769,578,0.0,0.0,48,2019
YUCATÁN,"1,067","4,225",9,203,4,260,13,463,0.0,0.0,48,2019
SONORA,928,"2,400",22,313,1,75,23,388,0.0,0.0,48,2019
TAMAULIPAS,"1,791","5,096",171,260,19,92,190,352,1.0,0.0,48,2019
COLIMA,"1,382","2,757",36,123,18,142,54,265,0.0,1.0,48,2019
GUANAJUATO,913,"2,416",38,197,1,17,39,214,0.0,0.0,48,2019
SINALOA,"2,087","1,362",93,158,7,31,100,189,0.0,0.0,48,2019
COAHUILA,853,391,53,78,11,14,64,92,3.0,0.0,48,2019
CAMPECHE,345,"1,491",0,38,0,48,0,86,0.0,0.0,48,2019
BAJA CALIFORNIA SUR,"1,663",497,133,62,30,20,163,82,0.0,0.0,48,2019
ZACATECAS,24,203,3,62,0,2,3,64,0.0,0.0,48,2019
DURANGO,70,168,7,52,0,2,7,54,0.0,0.0,48,2019
MÉXICO,719,768,110,43,1,4,111,47,0.0,0.0,48,2019
CHIHUAHUA,16,192,0,33,0,6,0,39,0.0,0.0,48,2019
QUERÉTARO,36,182,2,29,0,1,2,30,0.0,0.0,48,2019
AGUASCALIENTES,17,69,0,14,0,2,0,16,0.0,0.0,48,2019
BAJA CALIFORNIA,84,117,4,3,0,0,4,3,0.0,0.0,48,2019
CIUDAD DE MÉXICO,196,569,0,0,0,0,0,0,0.0,0.0,48,2019
TLAXCALA,11,50,0,0,0,0,0,0,0.0,0.0,48,2019
JALISCO,"14,298","79,599","2,113","7,240",416,"3,805","2,529","11,045",6.0,25.0,49,2019
VERACRUZ,"15,055","49,266","2,064","8,490",431,"1,542","2,495","10,032",9.0,23.0,49,2019
CHIAPAS,"10,315","17,358",743,593,"2,525","1,619","3,268","2,212",39.0,22.0,49,2019
QUINTANA ROO,"1,476","9,836",130,815,36,850,166,"1,665",0.0,11.0,49,2019
OAXACA,"4,917","16,445",169,"1,034",119,596,288,"1,630",7.0,5.0,49,2019
PUEBLA,767,"6,984",127,"1,358",1,269,128,"1,627",0.0,5.0,49,2019
SAN LUIS POTOSÍ,"2,216","9,309",617,"1,472",30,91,647,"1,563",0.0,0.0,49,2019
MORELOS,"1,524","10,496",17,392,62,"1,011",79,"1,403",0.0,19.0,49,2019
MICHOACÁN,"2,001","5,224",290,"1,059",6,91,296,"1,150",1.0,1.0,49,2019
HIDALGO,431,"2,409",134,837,5,52,139,889,0.0,1.0,49,2019
TABASCO,"1,066","6,989",51,247,28,597,79,844,0.0,9.0,49,2019
GUERRERO,"1,912","9,954",63,283,53,519,116,802,2.0,12.0,49,2019
NAYARIT,"1,185","6,032",66,249,25,385,91,634,1.0,1.0,49,2019
NUEVO LEÓN,"6,056","3,974",454,355,364,263,818,618,0.0,0.0,49,2019
YUCATÁN,"1,089","4,394",11,213,4,291,15,504,0.0,0.0,49,2019
SONORA,949,"2,510",22,335,1,79,23,414,0.0,0.0,49,2019
TAMAULIPAS,"1,833","5,512",180,264,20,108,200,372,1.0,0.0,49,2019
COLIMA,"1,418","2,863",38,129,18,147,56,276,0.0,1.0,49,2019
GUANAJUATO,918,"2,479",38,215,1,19,39,234,0.0,0.0,49,2019
SINALOA,"2,140","1,451",97,167,7,36,104,203,0.0,0.0,49,2019
COAHUILA,866,404,57,89,12,15,69,104,3.0,0.0,49,2019
CAMPECHE,348,"1,591",0,40,0,52,0,92,0.0,0.0,49,2019
BAJA CALIFORNIA SUR,"1,733",512,136,62,33,20,169,82,0.0,0.0,49,2019
ZACATECAS,24,208,3,62,0,2,3,64,0.0,0.0,49,2019
MÉXICO,723,787,111,51,1,4,112,55,0.0,0.0,49,2019
DURANGO,70,170,7,52,0,2,7,54,0.0,0.0,49,2019
CHIHUAHUA,16,192,0,34,0,6,0,40,0.0,0.0,49,2019
QUERÉTARO,36,193,2,32,0,1,2,33,0.0,0.0,49,2019
AGUASCALIENTES,17,70,0,14,0,2,0,16,0.0,0.0,49,2019
BAJA CALIFORNIA,85,119,4,4,0,0,4,4,0.0,0.0,49,2019
CIUDAD DE MÉXICO,200,573,0,0,0,0,0,0,0.0,0.0,49,2019
TLAXCALA,11,50,0,0,0,0,0,0,0.0,0.0,49,2019
AGUASCALIENTES,0.0,0.0,0.0,0.0,0.0,0.0,0.0,0.0,0.0,0.0,01,2019
BAJA CALIFORNIA,0.0,0.0,0.0,0.0,0.0,0.0,0.0,0.0,0.0,0.0,01,2019
BAJA CALIFORNIA SUR,2.0,4.0,0.0,0.0,0.0,0.0,0.0,0.0,0.0,0.0,01,2019
CAMPECHE,2.0,0.0,0.0,0.0,0.0,0.0,0.0,0.0,0.0,0.0,01,2019
COAHUILA,1.0,0.0,0.0,0.0,0.0,0.0,0.0,0.0,0.0,0.0,01,2019
COLIMA,4.0,1.0,0.0,0.0,0.0,0.0,0.0,0.0,0.0,0.0,01,2019
CHIAPAS,10.0,4.0,0.0,0.0,0.0,0.0,0.0,0.0,0.0,0.0,01,2019
CHIHUAHUA,0.0,0.0,0.0,0.0,0.0,0.0,0.0,0.0,0.0,0.0,01,2019
CIUDAD DE MÉXICO,0.0,0.0,0.0,0.0,0.0,0.0,0.0,0.0,0.0,0.0,01,2019
DURANGO,0.0,0.0,0.0,0.0,0.0,0.0,0.0,0.0,0.0,0.0,01,2019
GUANAJUATO,5.0,1.0,0.0,0.0,0.0,0.0,0.0,0.0,0.0,0.0,01,2019
GUERRERO,0.0,4.0,0.0,0.0,0.0,0.0,0.0,0.0,0.0,0.0,01,2019
HIDALGO,0.0,0.0,0.0,0.0,0.0,0.0,0.0,0.0,0.0,0.0,01,2019
JALISCO,12.0,20.0,0.0,0.0,0.0,0.0,0.0,0.0,0.0,0.0,01,2019
MÉXICO,3.0,0.0,0.0,0.0,0.0,0.0,0.0,0.0,0.0,0.0,01,2019
MICHOACÁN,2.0,2.0,0.0,0.0,0.0,0.0,0.0,0.0,0.0,0.0,01,2019
MORELOS,1.0,1.0,0.0,0.0,0.0,0.0,0.0,0.0,0.0,0.0,01,2019
NAYARIT,1.0,1.0,0.0,0.0,0.0,0.0,0.0,0.0,0.0,0.0,01,2019
NUEVO LEÓN,2.0,2.0,0.0,0.0,0.0,0.0,0.0,0.0,0.0,0.0,01,2019
OAXACA,1.0,7.0,0.0,0.0,0.0,0.0,0.0,0.0,0.0,0.0,01,2019
PUEBLA,0.0,0.0,0.0,0.0,0.0,0.0,0.0,0.0,0.0,0.0,01,2019
QUERÉTARO,0.0,0.0,0.0,0.0,0.0,0.0,0.0,0.0,0.0,0.0,01,2019
QUINTANA ROO,1.0,13.0,0.0,0.0,0.0,0.0,0.0,0.0,0.0,0.0,01,2019
SAN LUIS POTOSÍ,0.0,0.0,0.0,0.0,0.0,0.0,0.0,0.0,0.0,0.0,01,2019
SINALOA,9.0,3.0,0.0,0.0,0.0,0.0,0.0,0.0,0.0,0.0,01,2019
SONORA,2.0,0.0,0.0,0.0,0.0,0.0,0.0,0.0,0.0,0.0,01,2019
TABASCO,4.0,3.0,0.0,0.0,0.0,0.0,0.0,0.0,0.0,0.0,01,2019
TAMAULIPAS,1.0,0.0,0.0,0.0,0.0,0.0,0.0,0.0,0.0,0.0,01,2019
TLAXCALA,0.0,0.0,0.0,0.0,0.0,0.0,0.0,0.0,0.0,0.0,01,2019
VERACRUZ,3.0,21.0,0.0,0.0,0.0,0.0,0.0,0.0,0.0,0.0,01,2019
YUCATÁN,2.0,2.0,0.0,0.0,0.0,0.0,0.0,0.0,0.0,0.0,01,2019
ZACATECAS,0.0,0.0,0.0,0.0,0.0,0.0,0.0,0.0,0.0,0.0,01,2019
CHIAPAS,"1,509","2,487",69.0,154.0,474.0,378.0,543.0,532.0,3.0,6.0,22,2019
VERACRUZ,"1,258","3,245",37.0,346.0,11.0,125.0,48.0,471.0,0.0,1.0,22,2019
TABASCO,209,"1,926",0.0,143.0,0.0,155.0,0.0,298.0,0.0,3.0,22,2019
QUINTANA ROO**,328,"1,252",3.0,175.0,1.0,78.0,4.0,253.0,0.0,0.0,22,2019
JALISCO*,"1,130","2,359",73.0,176.0,3.0,50.0,76.0,226.0,0.0,0.0,22,2019
MICHOACÁN,389,930,10.0,138.0,1.0,11.0,11.0,149.0,1.0,0.0,22,2019
OAXACA,355,"1,023",1.0,44.0,0.0,33.0,1.0,77.0,0.0,0.0,22,2019
PUEBLA,127,227,2.0,49.0,0.0,7.0,2.0,56.0,0.0,0.0,22,2019
MORELOS,426,518,0.0,12.0,1.0,40.0,1.0,52.0,0.0,0.0,22,2019
SAN LUIS POTOSÍ,131,377,10.0,45.0,0.0,4.0,10.0,49.0,0.0,0.0,22,2019
GUERRERO,466,967,9.0,8.0,9.0,38.0,18.0,46.0,0.0,5.0,22,2019
TAMAULIPAS,485,552,10.0,34.0,1.0,7.0,11.0,41.0,1.0,0.0,22,2019
COLIMA,377,550,0.0,21.0,3.0,15.0,3.0,36.0,0.0,0.0,22,2019
NAYARIT*,184,306,1.0,16.0,2.0,10.0,3.0,26.0,0.0,0.0,22,2019
SINALOA,296,312,1.0,23.0,0.0,2.0,1.0,25.0,0.0,0.0,22,2019
CAMPECHE,114,146,0.0,7.0,0.0,9.0,0.0,16.0,0.0,0.0,22,2019
YUCATÁN**,287,434,0.0,7.0,0.0,3.0,0.0,10.0,0.0,0.0,22,2019
MÉXICO,132,174,10.0,8.0,0.0,0.0,10.0,8.0,0.0,0.0,22,2019
HIDALGO,72,84,2.0,7.0,0.0,0.0,2.0,7.0,0.0,0.0,22,2019
BAJA CALIFORNIA SUR,146,104,0.0,3.0,0.0,3.0,0.0,6.0,0.0,0.0,22,2019
NUEVO LEÓN,478,439,1.0,2.0,1.0,1.0,2.0,3.0,0.0,0.0,22,2019
COAHUILA,48,59,0.0,0.0,0.0,1.0,0.0,1.0,0.0,0.0,22,2019
AGUASCALIENTES,9,5,0.0,0.0,0.0,0.0,0.0,0.0,0.0,0.0,22,2019
BAJA CALIFORNIA,26,12,0.0,0.0,0.0,0.0,0.0,0.0,0.0,0.0,22,2019
CHIHUAHUA,2,3,0.0,0.0,0.0,0.0,0.0,0.0,0.0,0.0,22,2019
CIUDAD DE MÉXICO,68,78,0.0,0.0,0.0,0.0,0.0,0.0,0.0,0.0,22,2019
DURANGO,28,14,0.0,0.0,0.0,0.0,0.0,0.0,0.0,0.0,22,2019
GUANAJUATO,380,108,2.0,0.0,0.0,0.0,2.0,0.0,0.0,0.0,22,2019
QUERÉTARO,10,8,0.0,0.0,0.0,0.0,0.0,0.0,0.0,0.0,22,2019
SONORA,159,119,0.0,0.0,0.0,0.0,0.0,0.0,0.0,0.0,22,2019
TLAXCALA,1,9,0.0,0.0,0.0,0.0,0.0,0.0,0.0,0.0,22,2019
ZACATECAS,2,8,0.0,0.0,0.0,0.0,0.0,0.0,0.0,0.0,22,2019
CHIAPAS*,"1,753","2,824",90.0,176.0,525.0,417.0,615.0,593.0,3.0,6.0,23,2019
VERACRUZ,"1,386","3,452",61.0,381.0,15.0,131.0,76.0,512.0,0.0,1.0,23,2019
TABASCO,218,"1,966",0.0,148.0,0.0,163.0,0.0,311.0,0.0,3.0,23,2019
QUINTANA ROO,358,"1,382",4.0,180.0,1.0,80.0,5.0,260.0,0.0,0.0,23,2019
JALISCO,"1,276","2,519",85.0,191.0,4.0,53.0,89.0,244.0,0.0,0.0,23,2019
MICHOACÁN,440,987,10.0,141.0,1.0,11.0,11.0,152.0,1.0,0.0,23,2019
OAXACA,402,"1,142",1.0,63.0,0.0,40.0,1.0,103.0,0.0,0.0,23,2019
MORELOS,458,589,0.0,15.0,2.0,49.0,2.0,64.0,0.0,0.0,23,2019
PUEBLA*,147,246,3.0,57.0,0.0,7.0,3.0,64.0,0.0,0.0,23,2019
GUERRERO,495,"1,074",9.0,9.0,10.0,45.0,19.0,54.0,0.0,5.0,23,2019
SAN LUIS POTOSÍ,157,414,14.0,50.0,0.0,4.0,14.0,54.0,0.0,0.0,23,2019
TAMAULIPAS,515,578,12.0,37.0,4.0,7.0,16.0,44.0,1.0,0.0,23,2019
COLIMA,404,582,0.0,22.0,3.0,15.0,3.0,37.0,0.0,0.0,23,2019
NAYARIT,194,322,2.0,17.0,3.0,12.0,5.0,29.0,0.0,0.0,23,2019
SINALOA,312,327,2.0,23.0,0.0,2.0,2.0,25.0,0.0,0.0,23,2019
CAMPECHE,123,161,0.0,7.0,0.0,11.0,0.0,18.0,0.0,0.0,23,2019
HIDALGO,79,111,2.0,16.0,0.0,0.0,2.0,16.0,0.0,0.0,23,2019
YUCATÁN,322,500,0.0,7.0,0.0,3.0,0.0,10.0,0.0,0.0,23,2019
MÉXICO,154,182,18.0,8.0,0.0,1.0,18.0,9.0,0.0,0.0,23,2019
NUEVO LEÓN,520,484,1.0,3.0,1.0,5.0,2.0,8.0,0.0,0.0,23,2019
BAJA CALIFORNIA SUR,149,114,0.0,4.0,0.0,3.0,0.0,7.0,0.0,0.0,23,2019
COAHUILA,52,64,0.0,0.0,0.0,1.0,0.0,1.0,0.0,0.0,23,2019
AGUASCALIENTES,10,5,0.0,0.0,0.0,0.0,0.0,0.0,0.0,0.0,23,2019
BAJA CALIFORNIA,30,12,0.0,0.0,0.0,0.0,0.0,0.0,0.0,0.0,23,2019
CHIHUAHUA,3,4,0.0,0.0,0.0,0.0,0.0,0.0,0.0,0.0,23,2019
CIUDAD DE MÉXICO,71,82,0.0,0.0,0.0,0.0,0.0,0.0,0.0,0.0,23,2019
DURANGO,28,16,0.0,0.0,0.0,0.0,0.0,0.0,0.0,0.0,23,2019
GUANAJUATO,404,122,3.0,0.0,0.0,0.0,3.0,0.0,0.0,0.0,23,2019
QUERÉTARO,10,8,0.0,0.0,0.0,0.0,0.0,0.0,0.0,0.0,23,2019
SONORA,172,128,0.0,0.0,0.0,0.0,0.0,0.0,0.0,0.0,23,2019
TLAXCALA,1,9,0.0,0.0,0.0,0.0,0.0,0.0,0.0,0.0,23,2019
ZACATECAS,2,8,0.0,0.0,0.0,0.0,0.0,0.0,0.0,0.0,23,2019
CHIAPAS,898.0,"1,299",37.0,87.0,295.0,241.0,332.0,328.0,1.0,2.0,16,2019
VERACRUZ,789.0,"2,271",11.0,242.0,6.0,82.0,17.0,324.0,0.0,1.0,16,2019
TABASCO,148.0,"1,309",0.0,85.0,0.0,81.0,0.0,166.0,0.0,0.0,16,2019
JALISCO,659.0,"1,731",23.0,127.0,3.0,37.0,26.0,164.0,0.0,0.0,16,2019
QUINTANA ROO,216.0,815,1.0,121.0,1.0,41.0,2.0,162.0,0.0,0.0,16,2019
MICHOACÁN,257.0,721,10.0,100.0,0.0,9.0,10.0,109.0,0.0,0.0,16,2019
OAXACA,165.0,628,0.0,20.0,0.0,25.0,0.0,45.0,0.0,0.0,16,2019
COLIMA,262.0,438,0.0,18.0,3.0,11.0,3.0,29.0,0.0,0.0,16,2019
SAN LUIS POTOSÍ,57.0,224,0.0,25.0,0.0,2.0,0.0,27.0,0.0,0.0,16,2019
TAMAULIPAS,292.0,368,2.0,20.0,1.0,6.0,3.0,26.0,0.0,0.0,16,2019
SINALOA,237.0,215,1.0,21.0,0.0,2.0,1.0,23.0,0.0,0.0,16,2019
NAYARIT,113.0,208,0.0,13.0,1.0,9.0,1.0,22.0,0.0,0.0,16,2019
MORELOS,265.0,262,0.0,4.0,1.0,12.0,1.0,16.0,0.0,0.0,16,2019
GUERRERO,329.0,500,7.0,3.0,7.0,9.0,14.0,12.0,0.0,0.0,16,2019
YUCATÁN,176.0,230,0.0,4.0,0.0,6.0,0.0,10.0,0.0,0.0,16,2019
PUEBLA,52.0,104,1.0,4.0,0.0,2.0,1.0,6.0,0.0,0.0,16,2019
BAJA CALIFORNIA SUR,110.0,74,0.0,3.0,0.0,2.0,0.0,5.0,0.0,0.0,16,2019
CAMPECHE,57.0,60,0.0,2.0,0.0,2.0,0.0,4.0,0.0,0.0,16,2019
NUEVO LEÓN,269.0,272,1.0,2.0,1.0,1.0,2.0,3.0,0.0,0.0,16,2019
COAHUILA,35.0,26,0.0,0.0,0.0,1.0,0.0,1.0,0.0,0.0,16,2019
HIDALGO,48.0,51,1.0,1.0,0.0,0.0,1.0,1.0,0.0,0.0,16,2019
MÉXICO,78.0,107,7.0,1.0,0.0,0.0,7.0,1.0,0.0,0.0,16,2019
AGUASCALIENTES,6.0,4,0.0,0.0,0.0,0.0,0.0,0.0,0.0,0.0,16,2019
BAJA CALIFORNIA,12.0,4,0.0,0.0,0.0,0.0,0.0,0.0,0.0,0.0,16,2019
CHIHUAHUA,2.0,1,0.0,0.0,0.0,0.0,0.0,0.0,0.0,0.0,16,2019
CIUDAD DE MÉXICO,47.0,51,0.0,0.0,0.0,0.0,0.0,0.0,0.0,0.0,16,2019
DURANGO,19.0,7,0.0,0.0,0.0,0.0,0.0,0.0,0.0,0.0,16,2019
GUANAJUATO,196.0,46,2.0,0.0,0.0,0.0,2.0,0.0,0.0,0.0,16,2019
QUERÉTARO,7.0,2,0.0,0.0,0.0,0.0,0.0,0.0,0.0,0.0,16,2019
SONORA,118.0,78,0.0,0.0,0.0,0.0,0.0,0.0,0.0,0.0,16,2019
TLAXCALA,1.0,3,0.0,0.0,0.0,0.0,0.0,0.0,0.0,0.0,16,2019
ZACATECAS,2.0,5,0.0,0.0,0.0,0.0,0.0,0.0,0.0,0.0,16,2019
VERACRUZ,878.0,"2,377",17.0,263.0,7.0,87.0,24.0,350.0,0.0,1.0,17,2019
CHIAPAS,975.0,"1,399",40.0,90.0,318.0,259.0,358.0,349.0,1.0,2.0,17,2019
TABASCO,157.0,"1,431",0.0,94.0,0.0,91.0,0.0,185.0,0.0,0.0,17,2019
JALISCO,729.0,"1,812",26.0,138.0,3.0,39.0,29.0,177.0,0.0,0.0,17,2019
QUINTANA ROO,232.0,867,2.0,129.0,1.0,44.0,3.0,173.0,0.0,0.0,17,2019
MICHOACÁN,282.0,755,10.0,112.0,0.0,9.0,10.0,121.0,0.0,0.0,17,2019
OAXACA,184.0,663,1.0,23.0,0.0,28.0,1.0,51.0,0.0,0.0,17,2019
COLIMA,280.0,461,0.0,19.0,3.0,12.0,3.0,31.0,0.0,0.0,17,2019
SAN LUIS POTOSÍ,68.0,238,0.0,25.0,0.0,2.0,0.0,27.0,0.0,0.0,17,2019
TAMAULIPAS,330.0,393,4.0,21.0,1.0,6.0,5.0,27.0,0.0,0.0,17,2019
NAYARIT,123.0,222,0.0,14.0,1.0,9.0,1.0,23.0,0.0,0.0,17,2019
SINALOA,246.0,235,1.0,21.0,0.0,2.0,1.0,23.0,0.0,0.0,17,2019
MORELOS,288.0,290,0.0,4.0,1.0,13.0,1.0,17.0,0.0,0.0,17,2019
GUERRERO,352.0,534,8.0,3.0,7.0,11.0,15.0,14.0,0.0,0.0,17,2019
YUCATÁN,188.0,252,0.0,4.0,0.0,6.0,0.0,10.0,0.0,0.0,17,2019
PUEBLA,55.0,114,1.0,5.0,0.0,2.0,1.0,7.0,0.0,0.0,17,2019
CAMPECHE,65.0,61,0.0,3.0,0.0,3.0,0.0,6.0,0.0,0.0,17,2019
BAJA CALIFORNIA SUR,118.0,75,0.0,3.0,0.0,2.0,0.0,5.0,0.0,0.0,17,2019
NUEVO LEÓN,294.0,297,1.0,2.0,1.0,1.0,2.0,3.0,0.0,0.0,17,2019
COAHUILA,36.0,28,0.0,0.0,0.0,1.0,0.0,1.0,0.0,0.0,17,2019
HIDALGO,52.0,53,1.0,1.0,0.0,0.0,1.0,1.0,0.0,0.0,17,2019
MÉXICO,89.0,117,7.0,1.0,0.0,0.0,7.0,1.0,0.0,0.0,17,2019
AGUASCALIENTES,6.0,4,0.0,0.0,0.0,0.0,0.0,0.0,0.0,0.0,17,2019
BAJA CALIFORNIA,14.0,4,0.0,0.0,0.0,0.0,0.0,0.0,0.0,0.0,17,2019
CHIHUAHUA,2.0,2,0.0,0.0,0.0,0.0,0.0,0.0,0.0,0.0,17,2019
CIUDAD DE MÉXICO,51.0,59,0.0,0.0,0.0,0.0,0.0,0.0,0.0,0.0,17,2019
DURANGO,24.0,9,0.0,0.0,0.0,0.0,0.0,0.0,0.0,0.0,17,2019
GUANAJUATO,242.0,53,2.0,0.0,0.0,0.0,2.0,0.0,0.0,0.0,17,2019
QUERÉTARO,9.0,3,0.0,0.0,0.0,0.0,0.0,0.0,0.0,0.0,17,2019
SONORA,121.0,83,0.0,0.0,0.0,0.0,0.0,0.0,0.0,0.0,17,2019
TLAXCALA,1.0,3,0.0,0.0,0.0,0.0,0.0,0.0,0.0,0.0,17,2019
ZACATECAS,2.0,6,0.0,0.0,0.0,0.0,0.0,0.0,0.0,0.0,17,2019
VERACRUZ,"2,109","5,859",145.0,859.0,34.0,187.0,179,"1,046",0.0,1.0,28,2019
CHIAPAS,"3,254","5,384",235.0,299.0,866.0,654.0,"1,101",953,10.0,9.0,28,2019
JALISCO,"2,002","4,007",133.0,393.0,18.0,106.0,151,499,0.0,0.0,28,2019
QUINTANA ROO,569,"1,911",12.0,239.0,2.0,113.0,14,352,0.0,1.0,28,2019
TABASCO,284,"2,235",1.0,167.0,0.0,179.0,1,346,0.0,4.0,28,2019
OAXACA,742,"2,167",5.0,211.0,1.0,68.0,6,279,1.0,0.0,28,2019
MICHOACÁN,618,"1,249",49.0,182.0,2.0,15.0,51,197,1.0,0.0,28,2019
PUEBLA,226,559,9.0,150.0,0.0,14.0,9,164,0.0,0.0,28,2019
MORELOS,596,"1,421",0.0,45.0,5.0,118.0,5,163,0.0,0.0,28,2019
GUERRERO,704,"1,911",10.0,45.0,16.0,106.0,26,151,0.0,5.0,28,2019
SAN LUIS POTOSÍ,355,762,68.0,104.0,0.0,5.0,68,109,0.0,0.0,28,2019
TAMAULIPAS,713,749,36.0,41.0,5.0,9.0,41,50,1.0,0.0,28,2019
NAYARIT,271,435,2.0,24.0,4.0,20.0,6,44,1.0,0.0,28,2019
COLIMA,524,703,1.0,27.0,3.0,16.0,4,43,0.0,0.0,28,2019
HIDALGO,100,197,4.0,39.0,0.0,0.0,4,39,0.0,0.0,28,2019
SINALOA,380,382,2.0,25.0,0.0,2.0,2,27,0.0,0.0,28,2019
CAMPECHE,182,237,0.0,9.0,0.0,17.0,0,26,0.0,0.0,28,2019
NUEVO LEÓN,723,740,6.0,5.0,5.0,9.0,11,14,0.0,0.0,28,2019
YUCATÁN,533,814,0.0,9.0,0.0,4.0,0,13,0.0,0.0,28,2019
GUANAJUATO,525,305,8.0,12.0,0.0,0.0,8,12,0.0,0.0,28,2019
MÉXICO,254,233,42.0,8.0,1.0,2.0,43,10,0.0,0.0,28,2019
BAJA CALIFORNIA SUR,184,132,1.0,4.0,0.0,3.0,1,7,0.0,0.0,28,2019
COAHUILA,64,93,0.0,0.0,0.0,1.0,0,1,0.0,0.0,28,2019
AGUASCALIENTES,10,8,0.0,0.0,0.0,0.0,0,0,0.0,0.0,28,2019
BAJA CALIFORNIA,43,18,0.0,0.0,0.0,0.0,0,0,0.0,0.0,28,2019
CHIHUAHUA,6,7,0.0,0.0,0.0,0.0,0,0,0.0,0.0,28,2019
CIUDAD DE MÉXICO,102,119,0.0,0.0,0.0,0.0,0,0,0.0,0.0,28,2019
DURANGO,37,17,0.0,0.0,0.0,0.0,0,0,0.0,0.0,28,2019
QUERÉTARO,11,14,0.0,0.0,0.0,0.0,0,0,0.0,0.0,28,2019
SONORA,222,169,0.0,0.0,0.0,0.0,0,0,0.0,0.0,28,2019
TLAXCALA,3,9,0.0,0.0,0.0,0.0,0,0,0.0,0.0,28,2019
ZACATECAS,2,10,0.0,0.0,0.0,0.0,0,0,0.0,0.0,28,2019
CHIAPAS,"3,542","5,850",255.0,379.0,944.0,820.0,"1,199","1,199",11.0,9.0,29,2019
VERACRUZ,"2,269","6,794",171.0,967.0,39.0,209.0,210,"1,176",0.0,1.0,29,2019
JALISCO,"2,186","4,452",158.0,457.0,21.0,124.0,179,581,0.0,0.0,29,2019
QUINTANA ROO,612,"2,019",13.0,260.0,2.0,121.0,15,381,0.0,1.0,29,2019
TABASCO,291,"2,292",1.0,169.0,0.0,179.0,1,348,0.0,4.0,29,2019
OAXACA,823,"2,418",6.0,211.0,1.0,69.0,7,280,1.0,0.0,29,2019
MORELOS,635,"1,737",4.0,54.0,11.0,164.0,15,218,0.0,0.0,29,2019
MICHOACÁN,657,"1,302",54.0,191.0,2.0,15.0,56,206,1.0,0.0,29,2019
GUERRERO,768,"2,161",10.0,53.0,16.0,123.0,26,176,0.0,5.0,29,2019
PUEBLA,235,648,12.0,151.0,0.0,14.0,12,165,0.0,0.0,29,2019
SAN LUIS POTOSÍ,384,822,71.0,123.0,0.0,5.0,71,128,0.0,0.0,29,2019
TAMAULIPAS,751,783,37.0,46.0,5.0,9.0,42,55,1.0,0.0,29,2019
NAYARIT,281,457,2.0,24.0,4.0,24.0,6,48,1.0,0.0,29,2019
COLIMA,552,735,2.0,28.0,3.0,16.0,5,44,0.0,0.0,29,2019
HIDALGO,103,207,4.0,43.0,0.0,0.0,4,43,0.0,0.0,29,2019
SINALOA,399,389,2.0,25.0,0.0,2.0,2,27,0.0,0.0,29,2019
CAMPECHE,198,261,0.0,9.0,0.0,17.0,0,26,0.0,0.0,29,2019
NUEVO LEÓN,767,782,7.0,8.0,6.0,10.0,13,18,0.0,0.0,29,2019
GUANAJUATO,556,343,9.0,14.0,0.0,0.0,9,14,0.0,0.0,29,2019
YUCATÁN,582,874,0.0,10.0,0.0,4.0,0,14,0.0,0.0,29,2019
MÉXICO,270,254,49.0,8.0,1.0,2.0,50,10,0.0,0.0,29,2019
BAJA CALIFORNIA SUR,201,134,1.0,4.0,0.0,3.0,1,7,0.0,0.0,29,2019
COAHUILA,69,98,0.0,0.0,0.0,1.0,0,1,0.0,0.0,29,2019
AGUASCALIENTES,10,9,0.0,0.0,0.0,0.0,0,0,0.0,0.0,29,2019
BAJA CALIFORNIA,45,20,0.0,0.0,0.0,0.0,0,0,0.0,0.0,29,2019
CHIHUAHUA,6,7,0.0,0.0,0.0,0.0,0,0,0.0,0.0,29,2019
CIUDAD DE MÉXICO,104,131,0.0,0.0,0.0,0.0,0,0,0.0,0.0,29,2019
DURANGO,37,17,0.0,0.0,0.0,0.0,0,0,0.0,0.0,29,2019
QUERÉTARO,14,15,0.0,0.0,0.0,0.0,0,0,0.0,0.0,29,2019
SONORA,234,180,0.0,0.0,0.0,0.0,0,0,0.0,0.0,29,2019
TLAXCALA,3,9,0.0,0.0,0.0,0.0,0,0,0.0,0.0,29,2019
ZACATECAS,3,11,0.0,0.0,0.0,0.0,0,0,0.0,0.0,29,2019
JALISCO,"14,917","81,188","2,210","7,713",441,"4,014","2,651","11,727",6.0,49.0,52,2019
VERACRUZ,"15,895","51,197","2,239","9,195",467,"1,707","2,706","10,902",12.0,37.0,52,2019
CHIAPAS,"10,545","17,711",760,595,"2,599","1,646","3,359","2,241",40.0,22.0,52,2019
QUINTANA ROO,"1,609","10,860",163,913,41,"1,037",204,"1,950",0.0,13.0,52,2019
OAXACA,"5,111","16,963",179,"1,054",125,624,304,"1,678",7.0,6.0,52,2019
PUEBLA,785,"7,115",129,"1,365",1,288,130,"1,653",0.0,5.0,52,2019
SAN LUIS POTOSÍ,"2,253","9,744",630,"1,507",30,104,660,"1,611",0.0,0.0,52,2019
MORELOS,"1,575","10,828",19,393,79,"1,027",98,"1,420",0.0,26.0,52,2019
MICHOACÁN,"2,099","5,443",312,"1,122",9,115,321,"1,237",2.0,1.0,52,2019
TABASCO,"1,146","7,587",56,262,36,677,92,939,1.0,10.0,52,2019
HIDALGO,439,"2,524",134,846,5,66,139,912,0.0,1.0,52,2019
GUERRERO,"1,972","10,509",66,315,54,591,120,906,2.0,18.0,52,2019
NUEVO LEÓN,"6,120","4,071",535,411,452,317,987,728,0.0,0.0,52,2019
NAYARIT,"1,232","6,620",70,258,29,454,99,712,1.0,1.0,52,2019
YUCATÁN,"1,125","4,753",13,261,6,392,19,653,0.0,1.0,52,2019
SONORA,982,"2,606",25,354,2,85,27,439,0.0,0.0,52,2019
TAMAULIPAS,"1,881","6,340",180,281,23,119,203,400,1.0,0.0,52,2019
COLIMA,"1,494","3,048",41,129,20,160,61,289,0.0,1.0,52,2019
SINALOA,"2,221","1,679",97,212,7,55,104,267,0.0,0.0,52,2019
GUANAJUATO,921,"2,558",38,237,1,20,39,257,0.0,0.0,52,2019
COAHUILA,876,419,57,95,13,19,70,114,3.0,0.0,52,2019
CAMPECHE,349,"1,730",0,45,0,64,0,109,0.0,0.0,52,2019
BAJA CALIFORNIA SUR,"1,872",530,150,67,36,22,186,89,0.0,0.0,52,2019
ZACATECAS,24,221,3,63,0,2,3,65,0.0,0.0,52,2019
MÉXICO,733,828,110,53,1,4,111,57,0.0,0.0,52,2019
DURANGO,70,170,7,52,0,2,7,54,0.0,0.0,52,2019
CHIHUAHUA,16,193,0,34,0,6,0,40,0.0,0.0,52,2019
QUERÉTARO,42,200,2,33,0,1,2,34,0.0,0.0,52,2019
AGUASCALIENTES,17,70,0,15,0,2,0,17,0.0,0.0,52,2019
BAJA CALIFORNIA,86,118,4,4,0,1,4,5,0.0,0.0,52,2019
CIUDAD DE MÉXICO,203,585,0,0,0,0,0,0,0.0,0.0,52,2019
TLAXCALA,11,50,0,0,0,0,0,0,0.0,0.0,52,2019
CHIAPAS,"2,418","3,746",144.0,227.0,634.0,529.0,778.0,756.0,3.0,6.0,25,2019
VERACRUZ,"1,677","4,197",101.0,462.0,22.0,149.0,123.0,611.0,0.0,1.0,25,2019
TABASCO,241,"2,079",1.0,157.0,0.0,170.0,1.0,327.0,0.0,3.0,25,2019
JALISCO,"1,550","3,032",107.0,239.0,13.0,71.0,120.0,310.0,0.0,0.0,25,2019
QUINTANA ROO,411,"1,615",6.0,199.0,1.0,87.0,7.0,286.0,0.0,0.0,25,2019
OAXACA,525,"1,496",3.0,126.0,0.0,49.0,3.0,175.0,0.0,0.0,25,2019
MICHOACÁN,533,"1,073",22.0,151.0,2.0,13.0,24.0,164.0,1.0,0.0,25,2019
PUEBLA,188,349,6.0,88.0,0.0,8.0,6.0,96.0,0.0,0.0,25,2019
MORELOS,502,789,0.0,25.0,3.0,60.0,3.0,85.0,0.0,0.0,25,2019
GUERRERO,575,"1,371",9.0,17.0,10.0,66.0,19.0,83.0,0.0,5.0,25,2019
SAN LUIS POTOSÍ,261,523,33.0,66.0,0.0,4.0,33.0,70.0,0.0,0.0,25,2019
TAMAULIPAS,584,640,19.0,39.0,5.0,7.0,24.0,46.0,1.0,0.0,25,2019
COLIMA,446,642,1.0,24.0,3.0,15.0,4.0,39.0,0.0,0.0,25,2019
NAYARIT,226,379,2.0,20.0,4.0,14.0,6.0,34.0,0.0,0.0,25,2019
SINALOA,339,354,2.0,24.0,0.0,2.0,2.0,26.0,0.0,0.0,25,2019
CAMPECHE,135,196,0.0,8.0,0.0,16.0,0.0,24.0,0.0,0.0,25,2019
HIDALGO,90,148,3.0,24.0,0.0,0.0,3.0,24.0,0.0,0.0,25,2019
YUCATÁN,385,653,0.0,8.0,0.0,4.0,0.0,12.0,0.0,0.0,25,2019
MÉXICO,200,200,34.0,8.0,0.0,1.0,34.0,9.0,0.0,0.0,25,2019
NUEVO LEÓN,600,597,3.0,3.0,4.0,6.0,7.0,9.0,0.0,0.0,25,2019
BAJA CALIFORNIA SUR,162,124,0.0,4.0,0.0,3.0,0.0,7.0,0.0,0.0,25,2019
GUANAJUATO,451,163,6.0,2.0,0.0,0.0,6.0,2.0,0.0,0.0,25,2019
COAHUILA,57,75,0.0,0.0,0.0,1.0,0.0,1.0,0.0,0.0,25,2019
AGUASCALIENTES,10,6,0.0,0.0,0.0,0.0,0.0,0.0,0.0,0.0,25,2019
BAJA CALIFORNIA,36,14,0.0,0.0,0.0,0.0,0.0,0.0,0.0,0.0,25,2019
CHIHUAHUA,3,5,0.0,0.0,0.0,0.0,0.0,0.0,0.0,0.0,25,2019
CIUDAD DE MÉXICO,80,100,0.0,0.0,0.0,0.0,0.0,0.0,0.0,0.0,25,2019
DURANGO,32,17,0.0,0.0,0.0,0.0,0.0,0.0,0.0,0.0,25,2019
QUERÉTARO,11,10,0.0,0.0,0.0,0.0,0.0,0.0,0.0,0.0,25,2019
SONORA,190,145,0.0,0.0,0.0,0.0,0.0,0.0,0.0,0.0,25,2019
TLAXCALA,1,9,0.0,0.0,0.0,0.0,0.0,0.0,0.0,0.0,25,2019
ZACATECAS,2,9,0.0,0.0,0.0,0.0,0.0,0.0,0.0,0.0,25,2019
CHIAPAS,"2,096","3,272",121.0,202.0,607.0,463.0,728.0,665.0,3.0,6.0,24,2019
VERACRUZ,"1,506","3,769",78.0,420.0,20.0,137.0,98.0,557.0,0.0,1.0,24,2019
TABASCO,224,"2,023",0.0,155.0,0.0,167.0,0.0,322.0,0.0,3.0,24,2019
JALISCO,"1,418","2,789",95.0,209.0,9.0,63.0,104.0,272.0,0.0,0.0,24,2019
QUINTANA ROO,386,"1,499",4.0,189.0,1.0,82.0,5.0,271.0,0.0,0.0,24,2019
MICHOACÁN,493,"1,033",17.0,149.0,1.0,12.0,18.0,161.0,1.0,0.0,24,2019
OAXACA,465,"1,313",1.0,94.0,0.0,44.0,1.0,138.0,0.0,0.0,24,2019
MORELOS,477,671,0.0,20.0,2.0,55.0,2.0,75.0,0.0,0.0,24,2019
PUEBLA,174,299,3.0,65.0,0.0,8.0,3.0,73.0,0.0,0.0,24,2019
GUERRERO,529,"1,194",9.0,14.0,10.0,56.0,19.0,70.0,0.0,5.0,24,2019
SAN LUIS POTOSÍ,195,444,25.0,58.0,0.0,4.0,25.0,62.0,0.0,0.0,24,2019
TAMAULIPAS,556,604,15.0,37.0,4.0,7.0,19.0,44.0,1.0,0.0,24,2019
COLIMA,424,620,0.0,23.0,3.0,15.0,3.0,38.0,0.0,0.0,24,2019
NAYARIT,207,342,2.0,17.0,3.0,13.0,5.0,30.0,0.0,0.0,24,2019
SINALOA,325,340,2.0,24.0,0.0,2.0,2.0,26.0,0.0,0.0,24,2019
CAMPECHE,129,174,0.0,7.0,0.0,16.0,0.0,23.0,0.0,0.0,24,2019
HIDALGO,86,125,3.0,18.0,0.0,0.0,3.0,18.0,0.0,0.0,24,2019
YUCATÁN,353,572,0.0,7.0,0.0,4.0,0.0,11.0,0.0,0.0,24,2019
MÉXICO,181,190,20.0,8.0,0.0,1.0,20.0,9.0,0.0,0.0,24,2019
NUEVO LEÓN,555,541,1.0,3.0,2.0,5.0,3.0,8.0,0.0,0.0,24,2019
BAJA CALIFORNIA SUR,156,121,0.0,4.0,0.0,3.0,0.0,7.0,0.0,0.0,24,2019
COAHUILA,54,74,0.0,0.0,0.0,1.0,0.0,1.0,0.0,0.0,24,2019
GUANAJUATO,428,134,4.0,1.0,0.0,0.0,4.0,1.0,0.0,0.0,24,2019
AGUASCALIENTES,10,6,0.0,0.0,0.0,0.0,0.0,0.0,0.0,0.0,24,2019
BAJA CALIFORNIA,34,12,0.0,0.0,0.0,0.0,0.0,0.0,0.0,0.0,24,2019
CHIHUAHUA,3,4,0.0,0.0,0.0,0.0,0.0,0.0,0.0,0.0,24,2019
CIUDAD DE MÉXICO,77,92,0.0,0.0,0.0,0.0,0.0,0.0,0.0,0.0,24,2019
DURANGO,28,17,0.0,0.0,0.0,0.0,0.0,0.0,0.0,0.0,24,2019
QUERÉTARO,11,8,0.0,0.0,0.0,0.0,0.0,0.0,0.0,0.0,24,2019
SONORA,178,135,0.0,0.0,0.0,0.0,0.0,0.0,0.0,0.0,24,2019
TLAXCALA,1,9,0.0,0.0,0.0,0.0,0.0,0.0,0.0,0.0,24,2019
ZACATECAS,2,8,0.0,0.0,0.0,0.0,0.0,0.0,0.0,0.0,24,2019
VERACRUZ,472.0,"1,697",7.0,171.0,3.0,70.0,10.0,241.0,0.0,1.0,11,2019
CHIAPAS,551.0,803,24.0,61.0,185.0,158.0,209.0,219.0,0.0,2.0,11,2019
JALISCO,459.0,"1,308",17.0,91.0,3.0,28.0,20.0,119.0,0.0,0.0,11,2019
QUINTANA ROO,138.0,557,1.0,84.0,1.0,23.0,2.0,107.0,0.0,0.0,11,2019
TABASCO,106.0,662,0.0,53.0,0.0,36.0,0.0,89.0,0.0,0.0,11,2019
MICHOACÁN,175.0,470,9.0,60.0,0.0,7.0,9.0,67.0,0.0,0.0,11,2019
OAXACA,67.0,426,0.0,12.0,0.0,19.0,0.0,31.0,0.0,0.0,11,2019
COLIMA,179.0,334,0.0,15.0,3.0,7.0,3.0,22.0,0.0,0.0,11,2019
SAN LUIS POTOSÍ,32.0,150,0.0,20.0,0.0,2.0,0.0,22.0,0.0,0.0,11,2019
TAMAULIPAS,186.0,219,2.0,16.0,1.0,6.0,3.0,22.0,0.0,0.0,11,2019
NAYARIT,68.0,150,0.0,10.0,1.0,5.0,1.0,15.0,0.0,0.0,11,2019
SINALOA,180.0,154,1.0,13.0,0.0,2.0,1.0,15.0,0.0,0.0,11,2019
MORELOS,182.0,167,0.0,2.0,1.0,6.0,1.0,8.0,0.0,0.0,11,2019
PUEBLA,33.0,63,1.0,4.0,0.0,2.0,1.0,6.0,0.0,0.0,11,2019
YUCATÁN,127.0,126,0.0,3.0,0.0,2.0,0.0,5.0,0.0,0.0,11,2019
GUERRERO,204.0,327,5.0,2.0,5.0,2.0,10.0,4.0,0.0,0.0,11,2019
BAJA CALIFORNIA SUR,87.0,59,0.0,1.0,0.0,1.0,0.0,2.0,0.0,0.0,11,2019
CAMPECHE,42.0,39,0.0,0.0,0.0,2.0,0.0,2.0,0.0,0.0,11,2019
NUEVO LEÓN,158.0,165,1.0,1.0,1.0,1.0,2.0,2.0,0.0,0.0,11,2019
COAHUILA,24.0,16,0.0,0.0,0.0,1.0,0.0,1.0,0.0,0.0,11,2019
MÉXICO,51.0,54,4.0,1.0,0.0,0.0,4.0,1.0,0.0,0.0,11,2019
AGUASCALIENTES,4.0,1,0.0,0.0,0.0,0.0,0.0,0.0,0.0,0.0,11,2019
BAJA CALIFORNIA,7.0,2,0.0,0.0,0.0,0.0,0.0,0.0,0.0,0.0,11,2019
CHIHUAHUA,2.0,0,0.0,0.0,0.0,0.0,0.0,0.0,0.0,0.0,11,2019
CIUDAD DE MÉXICO,18.0,27,0.0,0.0,0.0,0.0,0.0,0.0,0.0,0.0,11,2019
DURANGO,11.0,4,0.0,0.0,0.0,0.0,0.0,0.0,0.0,0.0,11,2019
GUANAJUATO,65.0,26,0.0,0.0,0.0,0.0,0.0,0.0,0.0,0.0,11,2019
HIDALGO,31.0,31,1.0,0.0,0.0,0.0,1.0,0.0,0.0,0.0,11,2019
QUERÉTARO,5.0,1,0.0,0.0,0.0,0.0,0.0,0.0,0.0,0.0,11,2019
SONORA,78.0,50,0.0,0.0,0.0,0.0,0.0,0.0,0.0,0.0,11,2019
TLAXCALA,1.0,1,0.0,0.0,0.0,0.0,0.0,0.0,0.0,0.0,11,2019
ZACATECAS,2.0,1,0.0,0.0,0.0,0.0,0.0,0.0,0.0,0.0,11,2019
VERACRUZ,414.0,"1,507",6.0,156.0,3.0,60.0,9.0,216.0,0.0,1.0,10,2019
CHIAPAS,482.0,703,19.0,58.0,145.0,148.0,164.0,206.0,0.0,2.0,10,2019
JALISCO,404.0,"1,182",15.0,79.0,3.0,28.0,18.0,107.0,0.0,0.0,10,2019
QUINTANA ROO,124.0,502,1.0,74.0,0.0,22.0,1.0,96.0,0.0,0.0,10,2019
TABASCO,86.0,527,0.0,49.0,0.0,31.0,0.0,80.0,0.0,0.0,10,2019
MICHOACÁN,151.0,420,9.0,46.0,0.0,7.0,9.0,53.0,0.0,0.0,10,2019
OAXACA,58.0,373,0.0,10.0,0.0,17.0,0.0,27.0,0.0,0.0,10,2019
SAN LUIS POTOSÍ,26.0,139,0.0,20.0,0.0,2.0,0.0,22.0,0.0,0.0,10,2019
TAMAULIPAS,163.0,195,0.0,15.0,1.0,6.0,1.0,21.0,0.0,0.0,10,2019
COLIMA,161.0,299,0.0,10.0,3.0,6.0,3.0,16.0,0.0,0.0,10,2019
SINALOA,161.0,136,1.0,12.0,0.0,2.0,1.0,14.0,0.0,0.0,10,2019
NAYARIT,59.0,136,0.0,8.0,1.0,5.0,1.0,13.0,0.0,0.0,10,2019
MORELOS,158.0,146,0.0,2.0,1.0,6.0,1.0,8.0,0.0,0.0,10,2019
YUCATÁN,114.0,102,0.0,3.0,0.0,2.0,0.0,5.0,0.0,0.0,10,2019
GUERRERO,179.0,280,5.0,2.0,5.0,2.0,10.0,4.0,0.0,0.0,10,2019
PUEBLA,25.0,58,1.0,2.0,0.0,2.0,1.0,4.0,0.0,0.0,10,2019
BAJA CALIFORNIA SUR,80.0,55,0.0,1.0,0.0,1.0,0.0,2.0,0.0,0.0,10,2019
CAMPECHE,33.0,36,0.0,0.0,0.0,2.0,0.0,2.0,0.0,0.0,10,2019
NUEVO LEÓN,135.0,149,1.0,1.0,1.0,1.0,2.0,2.0,0.0,0.0,10,2019
COAHUILA,22.0,14,0.0,0.0,0.0,1.0,0.0,1.0,0.0,0.0,10,2019
MÉXICO,40.0,49,3.0,1.0,0.0,0.0,3.0,1.0,0.0,0.0,10,2019
AGUASCALIENTES,3.0,0,0.0,0.0,0.0,0.0,0.0,0.0,0.0,0.0,10,2019
BAJA CALIFORNIA,5.0,2,0.0,0.0,0.0,0.0,0.0,0.0,0.0,0.0,10,2019
CHIHUAHUA,2.0,0,0.0,0.0,0.0,0.0,0.0,0.0,0.0,0.0,10,2019
CIUDAD DE MÉXICO,13.0,25,0.0,0.0,0.0,0.0,0.0,0.0,0.0,0.0,10,2019
DURANGO,10.0,3,0.0,0.0,0.0,0.0,0.0,0.0,0.0,0.0,10,2019
GUANAJUATO,56.0,20,0.0,0.0,0.0,0.0,0.0,0.0,0.0,0.0,10,2019
HIDALGO,29.0,24,1.0,0.0,0.0,0.0,1.0,0.0,0.0,0.0,10,2019
QUERÉTARO,5.0,1,0.0,0.0,0.0,0.0,0.0,0.0,0.0,0.0,10,2019
SONORA,75.0,46,0.0,0.0,0.0,0.0,0.0,0.0,0.0,0.0,10,2019
TLAXCALA,1.0,1,0.0,0.0,0.0,0.0,0.0,0.0,0.0,0.0,10,2019
ZACATECAS,2.0,1,0.0,0.0,0.0,0.0,0.0,0.0,0.0,0.0,10,2019
JALISCO,"12,199","71,228","1,664","6,126",292,"2,730","1,956","8,856",6.0,24.0,45,2019
VERACRUZ,"12,839","45,095","1,773","7,259",321,"1,267","2,094","8,526",6.0,23.0,45,2019
CHIAPAS,"9,713","16,143",710,576,"2,348","1,555","3,058","2,131",39.0,20.0,45,2019
OAXACA,"4,378","14,874",136,"1,001",96,537,232,"1,538",6.0,4.0,45,2019
PUEBLA,675,"6,541",104,"1,304",1,216,105,"1,520",0.0,3.0,45,2019
SAN LUIS POTOSÍ,"1,926","7,736",529,"1,320",25,69,554,"1,389",0.0,0.0,45,2019
QUINTANA ROO,"1,253","7,901",84,731,20,647,104,"1,378",0.0,8.0,45,2019
MORELOS,"1,364","9,633",17,362,55,910,72,"1,272",0.0,10.0,45,2019
MICHOACÁN,"1,796","4,506",238,888,6,77,244,965,1.0,1.0,45,2019
HIDALGO,408,"2,114",124,784,4,42,128,826,0.0,1.0,45,2019
GUERRERO,"1,724","8,375",53,259,40,479,93,738,2.0,7.0,45,2019
TABASCO,878,"5,774",33,226,14,471,47,697,0.0,6.0,45,2019
NUEVO LEÓN,"5,557","3,593",363,233,258,210,621,443,0.0,0.0,45,2019
NAYARIT,886,"4,479",43,180,14,245,57,425,1.0,1.0,45,2019
YUCATÁN,"1,015","3,614",7,189,4,209,11,398,0.0,0.0,45,2019
TAMAULIPAS,"1,668","4,009",144,230,17,78,161,308,1.0,0.0,45,2019
SONORA,827,"1,861",18,244,1,51,19,295,0.0,0.0,45,2019
COLIMA,"1,263","2,382",30,105,14,106,44,211,0.0,0.0,45,2019
GUANAJUATO,890,"2,054",37,148,1,13,38,161,0.0,0.0,45,2019
SINALOA,"1,834","1,104",63,114,2,17,65,131,0.0,0.0,45,2019
CAMPECHE,336,"1,248",0,31,0,42,0,73,0.0,0.0,45,2019
COAHUILA,699,344,51,56,6,14,57,70,1.0,0.0,45,2019
BAJA CALIFORNIA SUR,"1,409",439,124,50,26,15,150,65,0.0,0.0,45,2019
DURANGO,68,141,7,47,0,1,7,48,0.0,0.0,45,2019
MÉXICO,676,694,109,43,1,4,110,47,0.0,0.0,45,2019
ZACATECAS,23,154,3,44,0,2,3,46,0.0,0.0,45,2019
CHIHUAHUA,14,185,0,31,0,6,0,37,0.0,0.0,45,2019
QUERÉTARO,33,162,2,19,0,2,2,21,0.0,0.0,45,2019
AGUASCALIENTES,17,58,0,12,0,1,0,13,0.0,0.0,45,2019
BAJA CALIFORNIA,79,107,4,2,0,0,4,2,0.0,0.0,45,2019
CIUDAD DE MÉXICO,188,528,0,0,0,0,0,0,0.0,0.0,45,2019
TLAXCALA,9,43,0,0,0,0,0,0,0.0,0.0,45,2019
JALISCO,"11,073","66,812","1,475","5,793",216,"2,477","1,691","8,270",5.0,24.0,44,2019
VERACRUZ,"11,978","43,401","1,549","6,995",285,"1,195","1,834","8,190",6.0,23.0,44,2019
CHIAPAS,"9,461","15,715",696,574,"2,288","1,522","2,984","2,096",37.0,20.0,44,2019
OAXACA,"4,111","14,131",129,977,89,494,218,"1,471",6.0,4.0,44,2019
PUEBLA,647,"6,301",100,"1,239",1,183,101,"1,422",0.0,3.0,44,2019
QUINTANA ROO,"1,167","7,323",71,720,17,559,88,"1,279",0.0,8.0,44,2019
SAN LUIS POTOSÍ,"1,814","6,913",507,"1,173",24,55,531,"1,228",0.0,0.0,44,2019
MORELOS,"1,300","9,248",17,347,49,867,66,"1,214",0.0,10.0,44,2019
MICHOACÁN,"1,711","4,271",225,840,6,67,231,907,1.0,1.0,44,2019
HIDALGO,389,"1,980",118,751,4,38,122,789,0.0,1.0,44,2019
GUERRERO,"1,661","7,961",40,252,34,459,74,711,2.0,7.0,44,2019
TABASCO,808,"5,293",30,222,11,419,41,641,0.0,6.0,44,2019
NUEVO LEÓN,"5,122","3,323",322,219,223,181,545,400,0.0,0.0,44,2019
NAYARIT,788,"3,900",43,165,11,214,54,379,1.0,1.0,44,2019
YUCATÁN,974,"3,318",4,176,3,162,7,338,0.0,0.0,44,2019
TAMAULIPAS,"1,586","3,411",142,209,17,60,159,269,1.0,0.0,44,2019
SONORA,764,"1,632",13,199,1,37,14,236,0.0,0.0,44,2019
COLIMA,"1,206","2,251",29,99,13,87,42,186,0.0,0.0,44,2019
GUANAJUATO,874,"1,835",35,122,1,12,36,134,0.0,0.0,44,2019
SINALOA,"1,673",987,59,76,2,10,61,86,0.0,0.0,44,2019
CAMPECHE,330,"1,143",0,31,0,40,0,71,0.0,0.0,44,2019
BAJA CALIFORNIA SUR,"1,289",413,118,49,23,14,141,63,0.0,0.0,44,2019
MÉXICO,666,671,109,43,1,4,110,47,0.0,0.0,44,2019
DURANGO,67,129,7,42,0,1,7,43,0.0,0.0,44,2019
COAHUILA,605,306,47,32,6,9,53,41,0.0,0.0,44,2019
ZACATECAS,23,133,3,36,0,2,3,38,0.0,0.0,44,2019
CHIHUAHUA,13,174,0,27,0,6,0,33,0.0,0.0,44,2019
QUERÉTARO,33,143,2,15,0,2,2,17,0.0,0.0,44,2019
AGUASCALIENTES,17,53,0,8,0,0,0,8,0.0,0.0,44,2019
BAJA CALIFORNIA,78,98,3,2,0,0,3,2,0.0,0.0,44,2019
CIUDAD DE MÉXICO,168,514,0,0,0,0,0,0,0.0,0.0,44,2019
TLAXCALA,8,39,0,0,0,0,0,0,0.0,0.0,44,2019
VERACRUZ,"2,997","10,382",267.0,"1,950",47,329,314,"2,279",0.0,1.0,32,2019
CHIAPAS,"4,248","7,492",319.0,510,"1,191","1,167","1,510","1,677",14.0,9.0,32,2019
JALISCO,"2,871","6,361",230.0,694,29,215,259,909,0.0,0.0,32,2019
QUINTANA ROO,704,"2,369",21.0,324,3,170,24,494,0.0,1.0,32,2019
OAXACA,"1,140","3,439",13.0,323,3,126,16,449,1.0,0.0,32,2019
TABASCO,328,"2,510",4.0,171,1,194,5,365,0.0,4.0,32,2019
MICHOACÁN,803,"1,606",78.0,282,2,20,80,302,1.0,0.0,32,2019
MORELOS,736,"2,890",5.0,74,15,214,20,288,0.0,0.0,32,2019
GUERRERO*,899,"2,964",18.0,94,22,192,40,286,0.0,5.0,32,2019
PUEBLA,284,"1,059",14.0,246,0,28,14,274,0.0,0.0,32,2019
SAN LUIS POTOSÍ,478,"1,212",104.0,229,5,14,109,243,0.0,0.0,32,2019
HIDALGO,119,314,4.0,80,0,4,4,84,0.0,0.0,32,2019
TAMAULIPAS,836,964,46.0,63,6,9,52,72,1.0,0.0,32,2019
NAYARIT,335,536,4.0,33,4,35,8,68,1.0,0.0,32,2019
NUEVO LEÓN,"1,062",950,20.0,31,15,26,35,57,0.0,0.0,32,2019
COLIMA,623,817,3.0,31,4,16,7,47,0.0,0.0,32,2019
CAMPECHE,228,322,0.0,11,0,17,0,28,0.0,0.0,32,2019
SINALOA,444,423,3.0,26,0,2,3,28,0.0,0.0,32,2019
GUANAJUATO*,604,464,9.0,23,0,2,9,25,0.0,0.0,32,2019
YUCATÁN,653,"1,046",0.0,13,0,9,0,22,0.0,0.0,32,2019
MÉXICO,344,332,63.0,8,1,3,64,11,0.0,0.0,32,2019
BAJA CALIFORNIA SUR,253,162,3.0,5,0,3,3,8,0.0,0.0,32,2019
COAHUILA,78,118,0.0,2,0,2,0,4,0.0,0.0,32,2019
SONORA,269,219,0.0,2,0,1,0,3,0.0,0.0,32,2019
AGUASCALIENTES,13,12,0.0,0,0,0,0,0,0.0,0.0,32,2019
BAJA CALIFORNIA,53,32,0.0,0,0,0,0,0,0.0,0.0,32,2019
CHIHUAHUA,8,8,0.0,0,0,0,0,0,0.0,0.0,32,2019
CIUDAD DE MÉXICO,116,184,0.0,0,0,0,0,0,0.0,0.0,32,2019
DURANGO,41,23,0.0,0,0,0,0,0,0.0,0.0,32,2019
QUERÉTARO,17,28,0.0,0,0,0,0,0,0.0,0.0,32,2019
TLAXCALA,1,13,0.0,0,0,0,0,0,0.0,0.0,32,2019
ZACATECAS,5,19,0.0,0,0,0,0,0,0.0,0.0,32,2019
VERACRUZ,"3,334","12,220",327.0,"2,127",61,365,388,"2,492",0.0,2.0,33,2019
CHIAPAS,"4,485","8,115",340.0,513,"1,232","1,212","1,572","1,725",17.0,10.0,33,2019
JALISCO,"3,199","7,666",278.0,924,33,280,311,"1,204",0.0,2.0,33,2019
QUINTANA ROO,720,"2,556",22.0,349,3,186,25,535,0.0,3.0,33,2019
OAXACA,"1,260","3,946",13.0,369,8,138,21,507,1.0,0.0,33,2019
TABASCO,343,"2,607",4.0,174,3,197,7,371,0.0,4.0,33,2019
PUEBLA,303,"1,316",15.0,293,0,36,15,329,0.0,0.0,33,2019
MICHOACÁN,846,"1,774",79.0,307,2,21,81,328,1.0,0.0,33,2019
SAN LUIS POTOSÍ,514,"1,380",117.0,299,8,17,125,316,0.0,0.0,33,2019
MORELOS,768,"3,376",6.0,77,16,223,22,300,0.0,0.0,33,2019
GUERRERO,932,"3,262",18.0,95,22,192,40,287,0.0,5.0,33,2019
HIDALGO,136,381,6.0,129,0,5,6,134,0.0,1.0,33,2019
TAMAULIPAS,869,"1,032",49.0,78,6,10,55,88,1.0,0.0,33,2019
NUEVO LEÓN,"1,220","1,025",37.0,48,18,32,55,80,0.0,0.0,33,2019
NAYARIT,355,581,4.0,39,4,39,8,78,1.0,1.0,33,2019
COLIMA,659,867,3.0,33,4,16,7,49,0.0,0.0,33,2019
YUCATÁN,670,"1,110",0.0,21,0,13,0,34,0.0,0.0,33,2019
CAMPECHE,234,343,0.0,12,0,17,0,29,0.0,0.0,33,2019
SINALOA,479,437,5.0,27,0,2,5,29,0.0,0.0,33,2019
GUANAJUATO,621,516,9.0,24,0,2,9,26,0.0,0.0,33,2019
MÉXICO,369,362,64.0,8,1,3,65,11,0.0,0.0,33,2019
BAJA CALIFORNIA SUR,268,168,7.0,7,1,3,8,10,0.0,0.0,33,2019
SONORA,277,254,0.0,5,0,2,0,7,0.0,0.0,33,2019
COAHUILA,81,122,0.0,2,0,2,0,4,0.0,0.0,33,2019
AGUASCALIENTES,14,13,0.0,0,0,0,0,0,0.0,0.0,33,2019
BAJA CALIFORNIA,54,36,0.0,0,0,0,0,0,0.0,0.0,33,2019
CHIHUAHUA,9,9,0.0,0,0,0,0,0,0.0,0.0,33,2019
CIUDAD DE MÉXICO,125,210,0.0,0,0,0,0,0,0.0,0.0,33,2019
DURANGO,41,23,2.0,0,0,0,2,0,0.0,0.0,33,2019
QUERÉTARO,17,31,0.0,0,0,0,0,0,0.0,0.0,33,2019
TLAXCALA,2,13,0.0,0,0,0,0,0,0.0,0.0,33,2019
ZACATECAS,7,23,0.0,0,0,0,0,0,0.0,0.0,33,2019
VERACRUZ,165.0,903.0,4.0,88.0,1.0,36.0,5.0,124.0,0.0,0.0,06,2019
CHIAPAS,191.0,368.0,11.0,31.0,47.0,92.0,58.0,123.0,0.0,0.0,06,2019
JALISCO,238.0,699.0,9.0,47.0,2.0,14.0,11.0,61.0,0.0,0.0,06,2019
QUINTANA ROO,59.0,275.0,1.0,39.0,0.0,15.0,1.0,54.0,0.0,0.0,06,2019
TABASCO,51.0,223.0,0.0,32.0,0.0,14.0,0.0,46.0,0.0,0.0,06,2019
MICHOACÁN,73.0,199.0,2.0,35.0,0.0,6.0,2.0,41.0,0.0,0.0,06,2019
SAN LUIS POTOSÍ,10.0,76.0,0.0,15.0,0.0,1.0,0.0,16.0,0.0,0.0,06,2019
OAXACA,32.0,223.0,0.0,3.0,0.0,11.0,0.0,14.0,0.0,0.0,06,2019
SINALOA,109.0,83.0,1.0,8.0,0.0,0.0,1.0,8.0,0.0,0.0,06,2019
NAYARIT,25.0,88.0,0.0,5.0,1.0,2.0,1.0,7.0,0.0,0.0,06,2019
TAMAULIPAS,67.0,91.0,0.0,5.0,0.0,2.0,0.0,7.0,0.0,0.0,06,2019
MORELOS,70.0,82.0,0.0,1.0,1.0,3.0,1.0,4.0,0.0,0.0,06,2019
COLIMA,89.0,156.0,1.0,2.0,0.0,1.0,1.0,3.0,0.0,0.0,06,2019
GUERRERO,85.0,136.0,0.0,2.0,0.0,1.0,0.0,3.0,0.0,0.0,06,2019
YUCATÁN,50.0,49.0,0.0,2.0,0.0,1.0,0.0,3.0,0.0,0.0,06,2019
NUEVO LEÓN,57.0,86.0,0.0,1.0,1.0,1.0,1.0,2.0,0.0,0.0,06,2019
PUEBLA,7.0,27.0,1.0,1.0,0.0,1.0,1.0,2.0,0.0,0.0,06,2019
BAJA CALIFORNIA SUR,51.0,35.0,0.0,1.0,0.0,0.0,0.0,1.0,0.0,0.0,06,2019
AGUASCALIENTES,2.0,0.0,0.0,0.0,0.0,0.0,0.0,0.0,0.0,0.0,06,2019
BAJA CALIFORNIA,2.0,1.0,0.0,0.0,0.0,0.0,0.0,0.0,0.0,0.0,06,2019
CAMPECHE,13.0,12.0,0.0,0.0,0.0,0.0,0.0,0.0,0.0,0.0,06,2019
COAHUILA,12.0,3.0,0.0,0.0,0.0,0.0,0.0,0.0,0.0,0.0,06,2019
CHIHUAHUA,2.0,0.0,0.0,0.0,0.0,0.0,0.0,0.0,0.0,0.0,06,2019
CIUDAD DE MÉXICO,4.0,17.0,0.0,0.0,0.0,0.0,0.0,0.0,0.0,0.0,06,2019
DURANGO,5.0,2.0,0.0,0.0,0.0,0.0,0.0,0.0,0.0,0.0,06,2019
GUANAJUATO,39.0,6.0,0.0,0.0,0.0,0.0,0.0,0.0,0.0,0.0,06,2019
HIDALGO,7.0,11.0,1.0,0.0,0.0,0.0,1.0,0.0,0.0,0.0,06,2019
MÉXICO,20.0,20.0,2.0,0.0,0.0,0.0,2.0,0.0,0.0,0.0,06,2019
QUERÉTARO,2.0,1.0,0.0,0.0,0.0,0.0,0.0,0.0,0.0,0.0,06,2019
SONORA,45.0,26.0,0.0,0.0,0.0,0.0,0.0,0.0,0.0,0.0,06,2019
TLAXCALA,1.0,0.0,0.0,0.0,0.0,0.0,0.0,0.0,0.0,0.0,06,2019
ZACATECAS,2.0,0.0,0.0,0.0,0.0,0.0,0.0,0.0,0.0,0.0,06,2019
VERACRUZ,204.0,"1,043",4.0,108.0,2.0,39.0,6.0,147.0,0.0,1.0,07,2019
CHIAPAS,266.0,441,13.0,37.0,74.0,102.0,87.0,139.0,0.0,0.0,07,2019
JALISCO,279.0,822,10.0,53.0,3.0,15.0,13.0,68.0,0.0,0.0,07,2019
QUINTANA ROO,73.0,342,1.0,48.0,0.0,18.0,1.0,66.0,0.0,0.0,07,2019
TABASCO,64.0,299,0.0,38.0,0.0,19.0,0.0,57.0,0.0,0.0,07,2019
MICHOACÁN,83.0,249,6.0,41.0,0.0,6.0,6.0,47.0,0.0,0.0,07,2019
OAXACA,36.0,255,0.0,6.0,0.0,12.0,0.0,18.0,0.0,0.0,07,2019
SAN LUIS POTOSÍ,12.0,96,0.0,16.0,0.0,2.0,0.0,18.0,0.0,0.0,07,2019
SINALOA,130.0,94,1.0,9.0,0.0,2.0,1.0,11.0,0.0,0.0,07,2019
TAMAULIPAS,81.0,119,0.0,8.0,0.0,2.0,0.0,10.0,0.0,0.0,07,2019
COLIMA,103.0,188,1.0,5.0,0.0,3.0,1.0,8.0,0.0,0.0,07,2019
NAYARIT,31.0,110,0.0,6.0,1.0,2.0,1.0,8.0,0.0,0.0,07,2019
YUCATÁN,64.0,62,0.0,3.0,0.0,2.0,0.0,5.0,0.0,0.0,07,2019
MORELOS,90.0,95,0.0,1.0,1.0,3.0,1.0,4.0,0.0,0.0,07,2019
GUERRERO,105.0,162,0.0,2.0,1.0,1.0,1.0,3.0,0.0,0.0,07,2019
CAMPECHE,19.0,15,0.0,0.0,0.0,2.0,0.0,2.0,0.0,0.0,07,2019
NUEVO LEÓN,64.0,99,0.0,1.0,1.0,1.0,1.0,2.0,0.0,0.0,07,2019
PUEBLA,9.0,34,1.0,1.0,0.0,1.0,1.0,2.0,0.0,0.0,07,2019
BAJA CALIFORNIA SUR,58.0,43,0.0,1.0,0.0,0.0,0.0,1.0,0.0,0.0,07,2019
AGUASCALIENTES,3.0,0,0.0,0.0,0.0,0.0,0.0,0.0,0.0,0.0,07,2019
BAJA CALIFORNIA,3.0,1,0.0,0.0,0.0,0.0,0.0,0.0,0.0,0.0,07,2019
COAHUILA,14.0,3,0.0,0.0,0.0,0.0,0.0,0.0,0.0,0.0,07,2019
CHIHUAHUA,2.0,0,0.0,0.0,0.0,0.0,0.0,0.0,0.0,0.0,07,2019
CIUDAD DE MÉXICO,8.0,18,0.0,0.0,0.0,0.0,0.0,0.0,0.0,0.0,07,2019
DURANGO,5.0,2,0.0,0.0,0.0,0.0,0.0,0.0,0.0,0.0,07,2019
GUANAJUATO,42.0,8,0.0,0.0,0.0,0.0,0.0,0.0,0.0,0.0,07,2019
HIDALGO,9.0,13,1.0,0.0,0.0,0.0,1.0,0.0,0.0,0.0,07,2019
MÉXICO,22.0,29,2.0,0.0,0.0,0.0,2.0,0.0,0.0,0.0,07,2019
QUERÉTARO,3.0,1,0.0,0.0,0.0,0.0,0.0,0.0,0.0,0.0,07,2019
SONORA,60.0,31,0.0,0.0,0.0,0.0,0.0,0.0,0.0,0.0,07,2019
TLAXCALA,1.0,0,0.0,0.0,0.0,0.0,0.0,0.0,0.0,0.0,07,2019
ZACATECAS,2.0,0,0.0,0.0,0.0,0.0,0.0,0.0,0.0,0.0,07,2019
VERACRUZ,"6,010","26,288",778.0,"4,626",135,641,913,"5,267",0.0,2.0,38,2019
JALISCO *,"5,871","25,833",649.0,"3,330",68,960,717,"4,290",0.0,2.0,38,2019
CHIAPAS,"6,451","11,826",499.0,552,"1,714","1,327","2,213","1,879",25.0,12.0,38,2019
OAXACA,"2,221","7,990",29.0,706,23,301,52,"1,007",2.0,2.0,38,2019
QUINTANA ROO,878,"4,100",36.0,506,5,304,41,810,0.0,6.0,38,2019
MORELOS,974,"6,661",12.0,198,31,550,43,748,0.0,6.0,38,2019
PUEBLA,425,"3,411",51.0,664,0,81,51,745,0.0,0.0,38,2019
SAN LUIS POTOSÍ,934,"3,098",251.0,644,14,25,265,669,0.0,0.0,38,2019
MICHOACÁN,"1,170","2,824",119.0,533,4,39,123,572,1.0,1.0,38,2019
GUERRERO,"1,190","5,573",30.0,193,31,355,61,548,1.0,5.0,38,2019
TABASCO,440,"3,392",10.0,187,6,261,16,448,0.0,5.0,38,2019
HIDALGO,311,891,78.0,336,3,18,81,354,0.0,1.0,38,2019
NAYARIT,492,"1,201",8.0,133,5,70,13,203,1.0,1.0,38,2019
TAMAULIPAS,"1,042","1,555",62.0,150,9,24,71,174,1.0,0.0,38,2019
NUEVO LEÓN,"2,300","1,544",126.0,87,103,54,229,141,0.0,0.0,38,2019
YUCATÁN,777,"1,722",0.0,95,0,45,0,140,0.0,0.0,38,2019
COLIMA,890,"1,175",5.0,59,5,38,10,97,0.0,0.0,38,2019
GUANAJUATO,722,820,19.0,54,1,7,20,61,0.0,0.0,38,2019
MÉXICO,548,501,79.0,39,1,4,80,43,0.0,0.0,38,2019
CAMPECHE,278,609,0.0,16,0,20,0,36,0.0,0.0,38,2019
SONORA,364,473,1.0,27,0,7,1,34,0.0,0.0,38,2019
SINALOA,737,548,29.0,30,1,3,30,33,0.0,0.0,38,2019
BAJA CALIFORNIA SUR *,595,215,51.0,8,7,4,58,12,0.0,0.0,38,2019
COAHUILA,157,160,11.0,2,1,2,12,4,0.0,0.0,38,2019
QUERÉTARO,27,64,2.0,3,0,0,2,3,0.0,0.0,38,2019
AGUASCALIENTES,15,23,0.0,1,0,0,0,1,0.0,0.0,38,2019
CHIHUAHUA,12,19,0.0,1,0,0,0,1,0.0,0.0,38,2019
ZACATECAS,13,39,1.0,0,0,0,1,0,0.0,0.0,38,2019
BAJA CALIFORNIA,61,52,1.0,0,0,0,1,0,0.0,0.0,38,2019
CIUDAD DE MÉXICO,134,330,0.0,0,0,0,0,0,0.0,0.0,38,2019
DURANGO,60,31,6.0,0,0,0,6,0,0.0,0.0,38,2019
TLAXCALA,2,23,0.0,0,0,0,0,0,0.0,0.0,38,2019
VERACRUZ,"6,978","29,742",958.0,"5,368",157,739,"1,115","6,107",1.0,15.0,39,2019
JALISCO,"6,627","32,414",806.0,"3,863",93,"1,184",899,"5,047",1.0,13.0,39,2019
CHIAPAS,"6,924","12,585",550.0,560,"1,857","1,379","2,407","1,939",26.0,12.0,39,2019
OAXACA,"2,597","9,244",29.0,828,24,365,53,"1,193",2.0,2.0,39,2019
QUINTANA ROO,916,"4,555",41.0,554,5,335,46,889,0.0,6.0,39,2019
PUEBLA,458,"4,006",60.0,765,0,98,60,863,0.0,0.0,39,2019
MORELOS,"1,021","7,320",15.0,235,35,611,50,846,0.0,10.0,39,2019
SAN LUIS POTOSÍ,"1,063","3,499",294.0,737,15,26,309,763,0.0,0.0,39,2019
MICHOACÁN,"1,269","3,062",131.0,593,4,43,135,636,1.0,1.0,39,2019
GUERRERO,"1,251","5,960",32.0,201,32,381,64,582,1.0,6.0,39,2019
TABASCO,463,"3,604",10.0,194,6,295,16,489,0.0,5.0,39,2019
HIDALGO,332,"1,089",83.0,414,3,24,86,438,0.0,1.0,39,2019
NAYARIT,525,"1,490",12.0,141,5,99,17,240,1.0,1.0,39,2019
TAMAULIPAS,"1,091","1,696",71.0,152,9,24,80,176,1.0,0.0,39,2019
YUCATÁN,798,"1,895",0.0,103,0,59,0,162,0.0,0.0,39,2019
NUEVO LEÓN,"2,575","1,720",161.0,89,129,57,290,146,0.0,0.0,39,2019
COLIMA,930,"1,293",7.0,63,5,50,12,113,0.0,0.0,39,2019
GUANAJUATO,745,917,20.0,67,0,7,20,74,0.0,0.0,39,2019
SONORA,410,514,1.0,39,0,13,1,52,0.0,0.0,39,2019
MÉXICO,581,542,93.0,45,1,4,94,49,0.0,0.0,39,2019
CAMPECHE,285,661,0.0,20,0,25,0,45,0.0,0.0,39,2019
SINALOA,836,596,36.0,31,2,4,38,35,0.0,0.0,39,2019
BAJA CALIFORNIA SUR,711,238,62.0,11,8,5,70,16,0.0,0.0,39,2019
COAHUILA,192,171,11.0,3,1,2,12,5,0.0,0.0,39,2019
QUERÉTARO,30,76,2.0,4,0,0,2,4,0.0,0.0,39,2019
CHIHUAHUA,12,36,0.0,3,0,1,0,4,0.0,0.0,39,2019
AGUASCALIENTES,16,27,0.0,1,0,0,0,1,0.0,0.0,39,2019
ZACATECAS,14,41,2.0,0,0,0,2,0,0.0,0.0,39,2019
BAJA CALIFORNIA,63,61,1.0,0,0,0,1,0,0.0,0.0,39,2019
CIUDAD DE MÉXICO,147,367,0.0,0,0,0,0,0,0.0,0.0,39,2019
DURANGO,63,33,6.0,0,0,0,6,0,0.0,0.0,39,2019
TLAXCALA,2,25,0.0,0,0,0,0,0,0.0,0.0,39,2019
